Cód.Ponto,Sist.Hidrico,Localização,Data Início,Data Fim,Município
ABAN02790,Córrego Água Branca,A montante do Córrego do Limoeiro,2016-07-25,,ITIRAPINA
ABAN02800,Córrego Água Branca,"Ponte na Rod. Mun. Ayrton Sena, a jusante da ETE de Itirapina",2016-07-25,,ITIRAPINA
ABCA02300,Córrego Agua Branca,"A montante da Represa Agua Branca, a 500 m depois da ENCEFRA",2008-01-01,,CORDEIROPOLIS
ABCA02500,Córrego Agua Branca,No meio da represa do Cor. Água Branca.,2008-01-01,,CORDEIROPOLIS
ABCA02700,Córrego Agua Branca,A jusante da Represa Do Córrego Agua Branca,2008-01-01,,CORDEIROPOLIS
ABRA02950,Ribeirão Água Branca,"Ponte na Av. Princesa Isabel, ao lado do Forum de Ilhabela",2004-01-01,,ILHABELA
ACLA00500,Reservatório Águas Claras,"No Píer do Reservatório Aguas Claras- SABESP, na Serra da Cantareira. Estrada Santa Inês s/n, junto à EF-09 CETESB.",2000-07-01,,CAIEIRAS
AGUA02010,Rio Aguapeí ou Feio,Ponte na Rodovia que liga Marília a Guarantã.,2001-01-01,,GUARANTA
AGUA02100,Rio Aguapeí ou Feio,Ponte na SP-425 que liga Parapuã a Penápolis,1979-01-01,,SANTOPOLIS DO AGUAPEI
AGUA02200,Rio Aguapeí ou Feio,"Ponte na rodovia SP 461, na divisa de Rinópolis / Piacatu.",2019-12-01,,PIACATU
AGUA02500,Rio Aguapeí ou Feio,"Ponte na rodovia SP-541, que liga Valparaíso - Adamantina, na régua do DAEE: 8C-004.",2014-01-01,,ADAMANTINA
AGUA02800,Rio Aguapeí ou Feio,Ponte que liga Tupi Paulista a Andradina.,1974-10-01,,JUNQUEIROPOLIS
AIAU02400,Ribeirão Itaguaraguaiaú,"Ponte na estrada da GM, no bairro do Éden.",2005-10-01,2010-12-31,SOROCABA
ALIM02950,Ribeirão da Água Limpa,"Junto a sua foz, na passarela de pedestres na Avenida Jânio Quadros, na saída para Lavrinhas.",2015-01-01,,CRUZEIRO
ALVE02800,Ribeirão dos Alvarengas,"A montante da galeria da Rod. dos Imigrantes, próximo da foz do Córrego dos Alvarengas.(B05-Programa Mananciais).",2020-01-01,,SÃO BERNARDO DO CAMPO
ANCO02900,Rio Branco,"Na ponte da Rodovia Pedro Taques, antes do pedágio",2001-01-01,,SÃO VICENTE
ANOR02300,Córrego da Água Norte,No Represamento do Manancial de Captação de Marília,2006-03-01,2016-12-31,MARILIA
APIA02600,Rio Apiaí-Guaçu,"Ponte na Rod. SP-258 (Francisco Alves Negrão), na altura do km 358.",2017-01-01,,TAQUARIVAI
ARAS02900,Rio das Araras,Ponte de madeira sobre Rio Araras na Foz -ETE.,2002-01-01,,ARARAS
ARAS03400,Rio das Araras,Montante do lançamento da ETE - Ponte do Bairro Loreto.,2003-01-01,2010-06-03,ARARAS
ARAU02950,Rio Acaraú,"Praia de Itaguá,Rua Basílio de Moraes Cavalheiro, ponte sobre o rio.",2004-01-01,,UBATUBA
ARPE02800,Reservatório do Arrependido,"No reservatório do Rio Arrependido, na captação de Marília,",2001-01-01,,MARILIA
ASER04500,Afluente do Córrego Serraria,"Córrego afluente do Córrego Serraria, dentro do condominio ACIBAM",2013-10-01,,MAUA
ASER04900,Afluente do Córrego Serraria,Córrego afluente do Córrego Serraria,2013-10-01,,MAUA
ATIB02010,Rio Atibaia,"Na captação do município de Atibaia, junto a régua do DAEE 3E-063.",1995-01-01,,ATIBAIA
ATIB02025,Rio Atibaia,"Na captação de Jundiaí, na ponte sobre o rio Atibaia.",2001-01-01,2002-12-31,ITATIBA
ATIB02030,Rio Atibaia,Na captação de Itatiba. Rua Fioravante Piovani.,2002-01-01,,ITATIBA
ATIB02035,Rio Atibaia,"Na captação de Valinhos, junto a régua do DAEE 3D-007.",2000-01-01,,VALINHOS
ATIB02065,Rio Atibaia,"Na captação de Campinas, na divisa de municípios Campinas/Valinhos. Junto à régua do DAEE 3D-003.",1979-01-01,,CAMPINAS
ATIB02270,Rio Atibaia,MONTANTE DA RHODIA (CANAL DE CAPTAÇÃO DA RHODIA),2008-01-01,,PAULINIA
ATIB02280,Rio Atibaia,"RIO ATIBAIA, na ponte da RHODIA",2008-01-01,,PAULINIA
ATIB02300,Rio Atibaia,"Na captação da Rhodia, em Paulínia.",2002-01-01,,PAULINIA
ATIB02350,Rio Atibaia,"RIO ATIBAIA, A JUSANTE DA RHODIA E A MONTANTE DA BANN.",2008-01-01,,PAULINIA
ATIB02400,Rio Atibaia,"RIO ATIBAIA, A JUSANTE DA BANN QUÍMICA E MONTANTE DA HÉRCULES, PROX. DA ESTRADA DE FERRO",2008-01-01,,PAULINIA
ATIB02430,Rio Atibaia,"RIO ATIBAIA, A JUSANTE DA HÉRCULES E A MONTANTE DA REPLAN",2008-01-01,,PAULINIA
ATIB02450,Rio Atibaia,"RIO ATIBAIA, A JUSANTE DA REPLAN E A MONTANTE DA KRATON",2008-01-01,,PAULINIA
ATIB02605,Rio Atibaia,Ponte da Rodovia SP - 332 que liga Campinas a Cosmópolis.,1979-01-01,,PAULINIA
ATIB02800,Rio Atibaia,"Na captação de Sumaré, perto do Mini-Pantanal de Paulinia.",2002-01-01,,PAULINIA
ATIB02900,Rio Atibaia,"Ponte de Salto Grande, a jusante do Reservatório da CPFL.",2002-01-01,,AMERICANA
ATSG02800,Reservatório de Salto Grande (UGRHI 05),"No corpo central do Reservatório do Salto Grande, em frente ao Yacht Club de Americana.",2017-01-01,,AMERICANA
AVEC02800,Ribeirão Avecuia,Na captação de Porto Feliz,2016-03-10,,PORTO FELIZ
BACO02950,Rio Branco (Itanhaém),PONTE PRÓXIMA DA CAPTAÇÃO DO MAMBÚ-SABESP,2009-01-01,,ITANHAEM
BAGR04020,Ribeirão dos Bagres,"Ponte sob a Av. Hélio Palermo, a 500 metros da nascente.",2006-01-01,,FRANCA
BAGR04500,Ribeirão dos Bagres,"Ponte no final da Rua Rio Trombetas com a Av. das Seringueiras, próximo ao Residencial Amazonas.",1979-01-01,,FRANCA
BAGR04600,Ribeirão dos Bagres,"Ponte na rodovia de acesso à SP-334, no município de Restinga.",2001-06-12,,RESTINGA
BAGR04950,Ribeirão dos Bagres,"Ponte na Fazenda Boa Sorte, a 2 km da foz, em Batatais.",2006-10-01,,BATATAIS
BAGU02700,Ribeirão Baguaçu,"Na Avenida Baguaçu, 1530, na captação do município de Araçatuba.",2001-01-01,,ARAÇATUBA
BAIN02950,Rio Atibainha,Ponte sobre o Rio Atibainha na estrada que liga a Rod. D. Pedro a Piracaia.,2003-01-01,,BOM JESUS DOS PERDOES
BALD02600,Vala de Escoamento à direita na Praia da Baleia,Vala de escoamento do lado direito do aterro sanitário (olhando-se de frente para o aterro) na praia da Baleia.,2003-01-01,2007-05-01,SÃO SEBASTIAO
BALD02700,Vala de Escoamento à direita na Praia da Baleia,"Vala de escoamento do lado direito do aterro sanitário,(de frente para o aterro) na praia da Baleia",2007-01-01,2020-12-31,SÃO SEBASTIAO
BALE02600,Vala de Escoamento à esquerda na Praia da Baleia,"Vala de escoamento do lado esquerdo do aterro sanitário,(de frente para o aterro) na praia da Baleia",2003-01-01,2007-05-01,SÃO SEBASTIAO
BALE02700,Vala de Escoamento à esquerda na Praia da Baleia,"Vala de escoamento do lado esquerdo do aterro sanitário,(de frente para o aterro) na praia da Baleia",2007-01-01,2020-12-31,SÃO SEBASTIAO
BARI02950,Rio Lambari,"Na foz do Rio Lambari, em frente ao rancho do Lafaiate.",2019-01-01,,CACONDE
BATA02050,Rio Batalha,Na captação de Bauru.,2001-01-01,,BAURU
BATA02300,Rio Batalha,"Ponte na rodovia Marechal Rondon (SP-300), na altura do km 373, a jusante de Avaí.",2015-06-01,,AVAI
BATA02800,Rio Batalha,"Ponte na rodovia SP-331, no trecho que liga Reginópolis a Pirajuí, ao lado da régua DAEE 6C-001.",2001-01-01,,REGINOPOLIS
BBRA02700,Braço do Ribeirão Santa Bárbara - UGRHI 19,No pier do Náutico Clube Buritama.,2020-01-01,,BURITAMA
BEBE04500,Córr. Bebedouro,"Ponte na Rod. SP 326, em Bebedouro.",2019-01-01,,BEBEDOURO
BEBE04800,Córr. Bebedouro,Ponte na SP 353 (Rod. Oswaldo Prudente Correa) que leva à Terra Roxa.,2019-01-01,2019-12-31,BEBEDOURO
BESP04900,Córrego da Boa Esperança,Ponte a cerca de 1 km da foz do Córrego da Boa Esperança com o Ribeirão Aguapeí-Mirim.,2016-01-01,,LUCELIA
BETA02900,Rio Betari,PONTE NA ESTRADA PARA O BAIRRO DA SERRA,2008-01-01,,IPORANGA
BFAR02250,Braço do Ribeirão da Fartura,"No corpo Central, em frente a Prainha de Ubarana.",2020-01-01,,UBARANA
BILL02030,Reservatório Billings,"No meio do corpo central, cerca de 1,5 km da Barragem de Pedreira.",2007-01-01,,SÃO PAULO
BILL02100,Reservatório Billings,"No meio do corpo central, na direção do braço do Bororé.",1999-01-01,,SÃO PAULO
BILL02500,Reservatório Billings,"No meio do corpo central, sob a ponte da rodovia dos Imigrantes.",1976-01-01,,SÃO BERNARDO DO CAMPO
BILL02900,Reservatório Billings,Próximo à barragem reguladora Biliings-Pedras (Summit Control).,1976-01-01,,SÃO BERNARDO DO CAMPO
BILU02900,Córrego da Biluca,NA ENTRADA DA EST.ECOLOGICA DA UNESP,2008-11-01,,SÃO JOSÉ DO RIO PRETO
BIRP00500,Braço do Rio Pequeno,"No Braço do Rio Pequeno, a aproximadamente 2 km à montante da Rodovia Caminhos do Mar.",2015-04-14,,SÃO BERNARDO DO CAMPO
BITQ00100,Braço do Ribeirão Taquacetuba,Na baía situada no final da rua Tomekichi Inouye (captação da SABESP),1999-01-01,,SÃO PAULO
BJAU03300,Braço do rio Jaú,"Braço do Rio Jaú, na ponte da Marambaia na vicinal de Itapuí.",2016-01-01,,ITAPUI
BMAN02250,Braço do Rio Barra Mansa,"Ponte na SP-304, na divisa municipal de Mendonça / Sales.",2020-01-01,,MENDONCA
BMIR02800,Rio Biritiba-Mirim,"Ponte na rodovia SP-88, na divisa de município Biritiba Mirim/ Mogi das Cruzes, a 600 m da captação da SABESP.",1977-01-01,,BIRITIBA MIRIM
BOIB02950,Córr. Boi Branco,"Ponte a 200m da entrada da Faz. Boi Branco, no distrito Holambra II.",2018-01-01,,PARANAPANEMA
BOIC02950,Rio Boiçucanga,"PRAIA DE BOIÇUCANGA, SOBRE A PONTE DA AV. WALQUIR VERGANI ( SP O55 )",2004-01-01,,SÃO SEBASTIAO
BOSC04500,Córrego Dom Bosco,"Ponte na Rua Jose Abrantes, no Jardim Dom Bosco.",2020-01-01,,SÃO PAULO
BPEN02400,Braço do Rib. Ponte Pensa,"Ponte na rodovia dos Barrageiros (SP 595, km 101).",2013-01-01,,TRES FRONTEIRAS
BPRU02300,Braço do Ribeirão Paruru,"Corpo central, cerca de 700m a jusante do Pier São Francisco.",2020-01-01,,PIEDADE
BQGU03150,Rio Baquirivu-Guaçu,"Ponte na Estrada dos Vados, próxima ao Nippon Country Club, na divisa municipal Arujá/Guarulhos.",1983-01-01,2000-12-31,ARUJÁ
BQGU03200,Rio Baquirivu-Guaçu,"Ponte da Rua Tamatsu Iwasse, na altura do número 500, no município de Guarulhos.",2001-01-01,2010-12-31,ARUJÁ
BQGU03850,Rio Baquirivu-Guaçu,"PONTE NA RUA JOSE MARQUES PRATA, A JUSANTE DA PENITENCIÁRIA DE GUARULHOS",2011-01-01,,GUARULHOS
BROA02800,Represa do Broa,"No corpo central, a 1km do final do Condomínio Santo Antônio",2017-01-01,,ITIRAPINA
BSJD02200,Braço do Rio São José dos Dourados,"Ponte na vicinal Suzanápolis /Pereira Barreto, na divisa de município.",2013-01-01,,SUZANÁPOLIS
BSJD02900,Braço do Rio São José dos Dourados,Ponte na Rodovia dos Barrageiros entre os municípios de Ilha Solteira/Três Fronteiras.,2013-01-01,,ILHA SOLTEIRA
BUKI02950,Rio Buquira,"Ponte na rua Alziro Lebrão, no bairro Alto da Ponte.",2016-01-01,,SÃO JOSÉ DOS CAMPOS
BUNA02900,Rio Una - UGHRI 10,"Ponte na estrada que liga Ibiúna a Mayrink, próximo á Rodoviária de Ibiúna",2005-01-01,,IBIUNA
BURI02950,Rio Camburi,"Estrada do Cambury, na ponte sobre o rio Cambury",2004-01-01,,SÃO SEBASTIAO
CABU04700,Rio Cabuçu,"Ponte na Rod. Fernão Dias, altura do km 88, perto da passarela do Parque Edú Chaves.",2007-11-01,,SÃO PAULO
CACH00500,Reservatório do Rio Cachoeira,"No meio do corpo central, cerca de 3,5 km da barragem",2014-05-01,,PIRACAIA
CACH00892,Reservatório do Rio Cachoeira,"Na margem próxima a barragem, a 600m da Praia da Tulipa",2015-02-05,2015-02-05,PIRACAIA
CAMO00900,Reservatório Capivari-Monos,Junto à Estação de Recalque da SABESP.,1977-11-01,,SÃO PAULO
CANO02001,Rio Canoas - UGRHI 04,"Ponte na Rodovia SP-340 que liga Mococa à Arceburgo, na divisa SP/MG.",2016-01-01,,MOCOCA
CANO02800,Rio Canoas - UGRHI 04,"Ponte na Rod. SP 338, em direção a Cajuru.",2016-01-01,,MOCOCA
CARM04400,Rio do Carmo,NA PONTE DA ROV. ANHANGUERA (SP-330) ALT. DO KM 416,2009-04-01,,ITUVERAVA
CARO02800,Rio Claro - UGRHI 03,Na captação da SABESP do Baixo Claro.,2000-09-28,,CARAGUATATUBA
CASC02050,Reservatório Cascata,"Reservatório Cascata, Manancial de captação de Marília, no Bairro Maria Isabel",2001-01-01,,MARILIA
CATA23850,Rio Catarina Moraes,"Pontilhão na Av. Penedo, 300.Em frente do final da Rua Rio Lago.",2015-10-01,,SÃO VICENTE
CAXO02800,Rio Cachoeira,Ponte sobre o Rio Cachoeira na estrada que liga a Rod. D. Pedro I a Piracaia.,2003-01-01,,BOM JESUS DOS PERDOES
CAYA04950,Dreno Cayaguava,"Na estrada da EMAE, cerca de 400 depois da Estação Automática da CETESB PINH 04105.",2020-01-01,,SÃO PAULO
CFUG02900,Canal de Fuga II da UHE Henry Borden,"Canal de fuga II da Usina Hidroelétrica Henry Borden, na saída da turbina da Usina Externa.",1977-01-01,,CUBATAO
CIPO00900,Ribeirão do Cipó,"Ponte R. Afonso Pena, cerca de 200m do cruzamento com a Av. Luza Corrêa, no bairro Cipó.",2009-01-01,,SÃO PAULO
CMDC02050,Rio Camanducaia,"Ponte no Distrito de Mostardas, Amparo",2003-01-01,,MONTE ALEGRE DO SUL
CMDC02100,Rio Camanducaia,"Ponte no Bairro Ponte Preta no acesso à Osato, em Monte A. do Sul.",2001-01-01,,MONTE ALEGRE DO SUL
CMDC02300,Rio Camanducaia,"Ponte na estrada de acesso ao bairro Climáticas da Bocaina, Km 136,8 da Rod. das Estâncias, a montante da captação de Amparo.",2000-01-01,,AMPARO
CMDC02400,Rio Camanducaia,"Ponte a jusante do Córrego do Mosquito na SP - 107, Rodovia que liga Pedreira a Santo Antônio da Posse.",2000-01-01,,AMPARO
CMDC02900,Rio Camanducaia,Ponte na rodovia SP-340 no trecho que liga Campinas à Mogi-Mirim.,1995-01-01,,JAGUARIUNA
COCA02900,Rio Cocanha,"Ponte no final da Av. Maria Carlota, na praia de Massaguaçu, junto a foz do Cór. Bacuí.",2004-01-01,,CARAGUATATUBA
COCH02850,Rio das Conchas,"PONTE NA ESTRADA VICINAL DEPOIS DO BAIRRO ESTANCIA CRISTAL,EM CONCHAS",2010-01-01,,CONCHAS
COGR00900,Reservatório das Graças,"Na barragem, junto à captação do Alto Cotia",1977-11-01,,COTIA
CORD04900,Córrego Parque do Cordeiro,"Dreno de acesso da SABESP ao Córrego do Cordeiro , canalizado, em frente à Telhanorte, em sua foz junto ao dreno do Brooklyn.",,,SÃO PAULO
CORD04950,Córrego Parque do Cordeiro,"No Dreno de acesso da SABESP ao Córrego do Cordeiro, junto à ciclovia da Av. Chuchi ZAIDAN, em sua foz junto ao dreno do Brooklyn.",2019-07-01,,SÃO PAULO
CORU04950,Ribeirão dos Couros,"Ponte na Rua Tocantínia/Rudge Ramos, na divisa de S. B. Campo/São Paulo",2012-01-01,,SÃO BERNARDO DO CAMPO
COTI03800,Rio Cotia,"Ponte na Rodovia Raposo Tavares, Km 28.5 no município de Cotia.",1978-11-01,,COTIA
COTI03900,Rio Cotia,No canal de captação de águas para a ETA do Baixo Cotia.,1982-01-01,,CARAPICUIBA
CPIV02030,Rio Capivari,"Ponte na Estrada SP 360 Jundiaí/Itatiba, no bairro do Mato - dentro.",2000-01-01,,JUNDIAÍ
CPIV02060,Rio Capivari,"Ponte próxima à Granja Dina, em Louveira.",2000-01-01,,LOUVEIRA
CPIV02100,Rio Capivari,"No condomínio São Joaquim, em Vinhedo.",2000-01-01,,VINHEDO
CPIV02130,Rio Capivari,Na captação de Campinas-ETA Capivari na Rodovia dos Bandeirantes.,1995-03-01,,CAMPINAS
CPIV02160,Rio Capivari,Na estrada de terra que liga Campinas a Monte Mor.,2000-01-01,,CAMPINAS
CPIV02200,Rio Capivari,Ponte na estrada que liga Monte Mor a Fazenda Rio Acima.,1974-10-01,,MONTE MOR
CPIV02230,Rio Capivari,"Ponte na Rodovia SP-101, entre Tiête e Capivari a montante da ETERBRÁS (antiga Brasilit).",,2002-12-31,CAPIVARI
CPIV02700,Rio Capivari,Ponte na Represa da Usina São Paulo.,2003-01-01,,RAFARD
CPIV02900,Rio Capivari,"Ponte no canavial, próximo à foz do Rio Tietê.",1997-02-01,,TIETE
CRIS03400,Ribeirão dos Cristais,Na captação da ETA de Cajamar.,1998-10-28,,CAJAMAR
CRUM02050,Rio Corumbataí,"Na régua do DAEE 4D-023R, em Analândia.",2002-01-01,,ANALANDIA
CRUM02080,Rio Corumbataí,"NA CAPTAÇÃO DA ETA II DE RIO CLARO, A MONTANTE DO BARRAMENTO",2010-01-01,,RIO CLARO
CRUM02100,Rio Corumbataí,"Ponte na Rodovia São Pedro/Araras, próximo ao Distrito industrial de Rio Claro.",2002-01-01,,RIO CLARO
CRUM02200,Rio Corumbataí,Ponte na Estr. Assistência/Paraisolândia.,2001-01-01,,RIO CLARO
CRUM02300,Rio Corumbataí,"No Bairro Recreio, Usina Tamandupá, em Charqueada, junto a DAEE 4D-021.",2000-01-01,,CHARQUEADA
CRUM02500,Rio Corumbataí,Na captação da SEMAE de Piracicaba.,1974-10-01,,PIRACICABA
CRUM02850,Rio Corumbataí,A 1 km da foz com o Rio Piracicaba. Ponte na R. Virgílio da Silva Fagundes.,2017-01-01,,PIRACICABA
CRUM02900,Rio Corumbataí,Na foz com o Rio Piracicaba.,2002-01-01,2016-12-31,PIRACICABA
CTRE04800,Ribeirão Campestre,A 3 km montante da foz no Rio Dourado.,2007-01-01,,PROMISSAO
CUBA02700,Rio Cubatão,"Na ponte Preta, em frente à antiga Estação de Tratamento de Água do Rio Cubatão.",1977-01-01,,CUBATAO
CUBA03900,Rio Cubatão,"Ponte da estrada de ferro Santos-Jundiaí, cerca de 1,5 Km a jusante da confluência com o Perequê.",1977-01-01,,CUBATAO
CURO02900,Rio Escuro,"Rodovia Rio - Santos, ponte sobre o rio na Praia Dura.",2004-01-01,,UBATUBA
CURU02800,Rio Curucutu,Ponte na estrada da Água Limpa. (B15 -Programa Mananciais).,2020-01-01,,SÃO BERNARDO DO CAMPO
CXBU02900,Ribeirao do Caxambu,NA CAPTAÇÃO DE ITUPEVA,2010-01-01,,ITUPEVA
CXEI02550,Rio da Cachoeirinha,Ponte na Estrada Antiga Estrada Boaideira.,2015-01-01,,OLIMPIA
CXEI02900,Rio da Cachoeirinha,PONTE NA ESTRADA DE TERRA QUE LIGA OS DISTRITOS DE BAGUAÇU A RIBEIRO DOS SANTOS.,2011-01-01,,OLIMPIA
DADO02600,Rio Dourado,Ponte na SP-333 entre Guarantã e Pongaí,2007-04-01,,GUARANTA
DADO02800,Rio Dourado,"Ponte na SP 381, entre Lins e Sabino.",2007-04-01,,GUAICARA
DADO02900,Rio Dourado,A jusante da entrada do Rib.Campestre,2007-01-01,,PROMISSAO
DADO02990,Rio Dourado,Na foz do Braço do rio Dourado com o Reservatório de Promissâo,2007-04-01,,ADOLFO
DAIA02900,Rio Indaiá,Na ponte sobre a Rodovia Rio Santos BR 101,2005-01-01,,UBATUBA
DEMB02800,Córr. Mandembo,Ponte do Córrego Mandembo na Rodovia Brigadeiro Faria Lima - SP-326 no km 390,2020-01-01,,BEBEDOURO
DREZ02600,Córrego do Xadrez,A montante da cidade de Engenheiro Coelho. Na ponte Pesqueiro,2002-01-01,2010-06-03,ENGENHEIRO COELHO
DUBA02900,Rio Maranduba,"Rodovia Rio-Santos (SP55), ponte sobre o rio",2004-01-01,,UBATUBA
DUVA04900,Rio Aricanduva,"Ponte Ely Lopes Meireles, no município de São Paulo.",2001-01-01,,SÃO PAULO
EDRA00900,Ribeirão das Pedras/Afl. Guarapiranga,Ponte na R. Frederico René De Jaegher (G02-Programa Mananciais).,2020-01-01,,SÃO PAULO
EIXE02225,Rio do Peixe-UGRHI 10,"Ponte na SP-300 (Marechal Rondon), na divisa de Bofete com Conchas",2010-01-01,,CONCHAS
EMGU00700,Rio Embu-Guaçu,A jusante da confluência do Rio Cipó.,2006-03-01,2008-12-31,EMBU-GUAÇU
EMGU00800,Rio Embu-Guaçu,Ponte na estrada que liga Embu-Guaçu à Fazenda da Ilha.,1977-11-01,,EMBU-GUAÇU
EMMI02900,Rio Embu-Mirim,Ponte na estrada do M`Boi Mirim (SP-214).,1994-01-01,,SÃO PAULO
ENGO00900,Reservatório do Engordador,Junto à barragem.,1977-01-01,1978-12-12,SÃO PAULO
ENHA02900,Ribeirão da Penha,"Ponte na estrada IPI-080, à jusante da ETE de Itapira.",2014-01-01,,ITAPIRA
ENTO02700,Ribeirão São Bento,"Ponte na Estrada Mun. Morro Alto, no bairro São Bento.",,,SALTINHO
ERAZ02700,Ribeirão Ferraz,"Ponte sobre na SP 191, km 23,5",2002-01-01,,CONCHAL
ERAZ02990,Ribeirão Ferraz,Foz do Ribeirão Ferraz próximo ao Pesqueiro na cidade de Conchal.,2002-01-01,,CONCHAL
ESGT02050,Córrego do Esgotão,"Ponte na SP 381, na entrada de Sabino",2007-04-01,,SABINO
ESGT02700,Córrego do Esgotão,Córrego onde cai o efluente tratado da ETE de Sabino,2007-01-01,,SABINO
ESGT02990,Córrego do Esgotão,Na foz do braço do Rib Escotão com o Rio Tiete,2007-04-01,,SABINO
ESSE04800,Córrego do Morro do S,"Na Av. Caldeira Filho, próximo ao posto SAISP 347 (Morro do S-CL). Junto à travessia da Rua Joaquim Nunes Teixeira.",2019-04-03,,SÃO PAULO
FRUT02800,Córrego do Frutal,"Ponte na Rodovia Marechal Rondon (SP-300) antes do trevo de Guararapes, próximo da placa da saída 553 A.",2015-01-01,,GUARARAPES
GADE02800,Rio Grande ou Jurubatuba,"Na travessia de pedrestres no Bairro Cortes, em Rio Grande da Serra.(B28-Programa Mananciais).",2020-01-01,,RIO GRANDE DA SERRA
GADE02900,Rio Grande ou Jurubatuba,"Ponte na Av. Santo André (SP-122), na entrada do município de Rio Grande da Serra.",1979-01-01,,RIO GRANDE DA SERRA
GAPE02900,Lagoa do Guapé,No Parque Municipal de São Miguel Arcanjo,2005-10-01,,SAO MIGUEL ARCANJO
GERT02100,Córrego Santa Gertrudes,"Na Fazenda Boa Vista, em Santa Gertrudes.",2003-01-01,2005-12-01,SANTA GERTRUDES
GERT02200,Córrego Santa Gertrudes,"Na estrada da Fazenda Goiapá, em Santa Gertrudes.",2003-01-01,2016-02-02,SANTA GERTRUDES
GERT02500,Córrego Santa Gertrudes,Na captação de Santa Gertrudes,2007-01-01,,SANTA GERTRUDES
GOIN02900,Rio Lagoinha,Ponte na Rodovia Manuel Hyppolito Rego (SP-55).,2004-01-01,,UBATUBA
GRAM02950,Represa de Graminha,"Represa de Graminha, no pier próximo da tomada d'água para as turbinas.",2019-01-01,,CACONDE
GRAN00400,Rio Grande - UGRHI 03,"Na captação de agua bruta da SABESP, no bairro do Horto Florestal, em Ubatuba.",2000-01-01,,UBATUBA
GRAN02800,Rio Grande - UGRHI 03,Entrada do Aterro Sanitário de Ubatuba.,2003-01-01,,UBATUBA
GRAN02900,Rio Grande - UGRHI 03,"Praia Iperoig, sobre passarela de pedestres no mercado de peixes, jusante posto de gasolina",2004-01-01,,UBATUBA
GRDE02300,"Rio Grande - UGRHI 08, 12 e 15","Ponte na rod. SP-413, no trecho que liga Miguelópolis/Guaira a Uberaba, jusante Usina Volta Grande.",2001-01-01,,MIGUELOPOLIS
GRDE02400,"Rio Grande - UGRHI 08, 12 e 15","Ponte na divisa de SP-MG, na BR 364 que liga Colômbia a Frutal.",2016-01-01,,COLOMBIA
GRDE02500,"Rio Grande - UGRHI 08, 12 e 15","Ponte na rodovia BR-153, a jusante da Usina Hidréletrica Marimbondo na divisa com o Estado de Minas Gerais",1974-10-01,2000-12-31,ICEM
GRDE02800,"Rio Grande - UGRHI 08, 12 e 15","Na ponte da SP 463, na divisa de estado SP/MG, a jusante do Res. de Agua Vermelha.",2013-01-01,,OUROESTE
GREI02700,Rio Guareí,"Ponte na Rod. SP 268, sentido Angatuba/Bairro do Aterradinho",2006-07-31,,ANGATUBA
GREI02750,Rio Guareí,"Ponte no Bairro dos Diogos, em Angatuba, a jusante do Rib. dos Libanios.",2015-01-01,,ANGATUBA
GROT02900,Ribeirão Grota Funda,"Dentro do Parque Ecológico do Eldorado, cerca de 160m a jusante do cruzamento da Ponte na Rua Olária, com a Rua Perobás. (B03-Programa Mananciais).",2020-01-01,,DIADEMA
GUAI02400,Córrego da Guaiaquica,"Na estrada para Engenheiro Coelho, I km antes da cidade.",2005-01-01,2010-06-03,ENGENHEIRO COELHO
GUAO02600,Rio Guaió,Ponte na Rua Manoel Sebastião na divisa de Suzano /Ferraz de Vasconcelos.,2016-01-01,,FERRAZ DE VASCONCELOS
GUAO02900,Rio Guaió,"Ponte na Rod. 066 (Rod. Henrique Eroles), na sua foz em Suzano.",2015-01-01,,SUZANO
GUAR00100,Reservatório do Guarapiranga,"No meio do Braço do Rio Parelheiros, no bairro do Balneário São José",1999-01-01,,SÃO PAULO
GUAR00900,Reservatório do Guarapiranga,Na Captação da SABESP junto à casa de Bombas.,1974-10-01,,SÃO PAULO
GUAT02800,Rio Guaratingueta,"NA CAPTAÇÃO DE GUARATINGUETA (SAEG), EM FRENTE A ETA.",2010-01-01,,GUARATINGUETA
GUAU02950,Rio Guaraú,"PONTE NA BR 116, NA FOZ DO RIO GUARAÚ",2011-01-01,,JACUPIRANGA
GUAX02950,Rio Guaxinduba,"Praia Martim de Sá, Av. Casa Branca a jusante do lançamento da SABESP, Ponte sobre o Rio.",2004-01-01,,CARAGUATATUBA
GVIT00900,Córrego Guavirutuba,"Ao lado da ETA da SABESP , na Rua Talamanca. (Ponto G10- Programa Mananciais).",2020-01-01,,SÃO PAULO
HORT02800,Córrego do Horto Florestal,"Ponte do Córrego do Horto Florestal, a montante da represa do Barro Preto",2008-01-01,,CORDEIROPOLIS
IACR03750,Rio Iacri,A jusante da entrada do Rio Afonso XIII. Ponte na estrada de terra para a aldeia dos índios.,2014-01-01,,TUPA
IADE04500,Córrego da Piedade,No tubulão sob a ponte da SP - 310.,2008-11-01,,SÃO JOSÉ DO RIO PRETO
IAIM02400,Córrego Itaim,Na divisa de Ferraz de Vasconcelos / Poá. À montante do piscinão.,,,FERRAZ DE VASCONCELOS
IAIM02900,Córrego Itaim,"Na sua foz, no trevo de Interligação da SP-066 / SP - 056 / SP - 070.",,,POA
INGA00850,Braço do Rio Paraitinga,PRÓXIMO A ÁREA DE LAZER DA CESP,2008-08-01,,PARAIBUNA
IPAN02500,Córrego Ipanema,"Ponte do Km 12,5 da estrada que liga Sorocaba a Iperó.",1998-11-30,2004-12-31,SOROCABA
IPAU02600,Rio Itapanhaú,Na captação da SABESP de Bertioga - Estação de Tratamento de Água Itapanhaú e captação da Riviera de São Lourenço.,2016-06-01,,BERTIOGA
IPAU02800,Rio Itapanhaú,No pier da balsa para Usina Itatinga.,2001-01-01,2003-12-31,BERTIOGA
IPAU02900,Rio Itapanhaú,"Margem esquerda, no ancoradouro da Marina do Forte.",2001-01-01,,BERTIOGA
IPIG03950,Ribeirão Ipiranga,"Na foz do Rio Ipiranga, na ponte da Rua Casajeros, ao lado da SEMAE.",2014-12-01,,MOGI DAS CRUZES
IPIR04900,Córrego do Ipiranga,"Ponte na Praça do Monumento, em frente a estátua de Dom Pedro.",2012-01-01,,SÃO PAULO
IPPE02900,Córrego do Ipê,Ponte sobre o Córrego Ipê na estrada do Pica-Pau.,2002-01-01,2010-06-03,MOGI-GUAÇU
IRIS02100,Rio Piraí,"Na captação de Cabreúva, no Bairro do Jacaré.",2000-01-01,,CABREÚVA
IRIS02200,Rio Piraí,Ponte na Rodovia Marechal Rondon em frente à indústria Crown Cork.,2000-01-01,,CABREÚVA
IRIS02250,Rio Piraí,Na Ponte de concreto na saída para o Bairro do Pinhal.,2000-01-01,,CABREÚVA
IRIS02400,Rio Piraí,"Estrada sentido Faz. Santana, após aproximadamente 500m do trevo.",2000-01-01,,CABREÚVA
IRIS02600,Rio Piraí,"Rodovia Marechal Rondon, altura do km 91, nos fundos da Olaria Tijolar.",2000-01-01,,CABREÚVA
IRIS02900,Rio Piraí,Na barragem de captação dos municípios de Salto e Indaiatuba.,1997-01-01,,INDAIATUBA
ISOL02995,Reservatório de Ilha Solteira,Na barragem do reservatório de Ilha Solteira (SP 310).,2013-01-01,,ILHA SOLTEIRA
ITAE02900,Rio Itaguaré,Na ponte da Rodovia Rio / Santos.,2001-01-01,,BERTIOGA
ITAM02950,Rio Itamambuca,Próximo ao Condomínio Itamambuca,2004-01-01,,UBATUBA
ITAP02800,Rio Itapetininga,"Ponte na estrada ACT-290, no Bairro da Polenghi em Angatuba.",2003-01-01,,ANGATUBA
ITAR02500,Rio Itararé,"Ponte na rod. que liga Itaporanga a Santana do Itararé( PR), na divisa de São Paulo com Paraná.",1980-07-01,,ITAPORANGA
IUNA00950,Braço do Rio Paraibuna,NA JUNÇÃO DOS BRAÇOS DO RIO PARAIBUNA E DOS RIOS DA SERRA,2008-10-01,,PARAIBUNA
JACU02900,Rio Jacu,"Ponte sobre o rio Jacu, na divisa de Cruzeiro e Lavrinhas, na Rodovia Júlio Fortes.",2015-01-01,,CRUZEIRO
JAGI00350,Rio Jaguari - UGRHI 02,"Na régua da CESP, à montante da Cachoeira do Jaguaribe.",2012-01-01,,SANTA ISABEL
JAGI02700,Rio Jaguari - UGRHI 02,"Ponte na estrada de acesso à indústria Petybon, no município de São José dos Campos.",1995-09-01,2000-12-31,SÃO JOSÉ DOS CAMPOS
JAGI02900,Rio Jaguari - UGRHI 02,"Próximo à foz no Rio Paraíba do Sul, no município de São José dos Campos.",1995-12-07,,SÃO JOSÉ DOS CAMPOS
JAGJ00200,Reservatório do Jaguari - UGRHI 02,"Ponte na rodovia SP 056 que liga Santa Isabel a Igaratá, no município de Santa Isabel.",1996-01-01,,SANTA ISABEL
JAGJ00400,Reservatório do Jaguari - UGRHI 02,"Ponte na rodovia D. Pedro I (SP-65), no município de Igaratá.",1992-01-01,2000-12-31,IGARATA
JAGJ00900,Reservatório do Jaguari - UGRHI 02,NA TOMADA DÁGUA DO RESERVATÓRIO JAGUARI.,2008-08-01,,SÃO JOSÉ DOS CAMPOS
JAGR00002,Rio Jaguari - UGRHI 05,"Ponte sobre o Rio Jaguari, no Km 2 a montante do reservatório da SABESP.",2004-01-01,,VARGEM
JAGR00005,Rio Jaguari - UGRHI 05,"Ponte na SP - 381 (Fernão Dias), a jusante do reservatório da SABESP.",2002-01-01,,BRAGANCA PAULISTA
JAGR02010,Rio Jaguari - UGRHI 05,"Na captação da SABESP de Bragança Paulista, no bairro Curitibanos.",2000-01-02,,BRAGANCA PAULISTA
JAGR02030,Rio Jaguari - UGRHI 05,"Na ponte de Guaripocaba, em Bragança Paulista",2007-01-01,,BRAGANCA PAULISTA
JAGR02050,Rio Jaguari - UGRHI 05,"Ponte do Bairro Menin, em Bragança Pta.",2007-01-01,,BRAGANCA PAULISTA
JAGR02100,Rio Jaguari - UGRHI 05,Ponte na rodovia SP - 95 no trecho que liga Bragança Paulista/Amparo (Km 9).,2001-01-01,,BRAGANCA PAULISTA
JAGR02130,Rio Jaguari - UGRHI 05,Ponte da estrada que liga Morungaba a Tuiuti,2013-01-01,,BRAGANCA PAULISTA
JAGR02200,Rio Jaguari - UGRHI 05,"Ponte Pênsil, na captação de Pedreira.",2000-01-01,,PEDREIRA
JAGR02300,Rio Jaguari - UGRHI 05,Na captação de Jaguariúna - DAE.,2000-01-01,,JAGUARIUNA
JAGR02400,Rio Jaguari - UGRHI 05,Na ponte da rodovia SP340.,2000-01-01,,JAGUARIUNA
JAGR02500,Rio Jaguari - UGRHI 05,"Na ponte da rodovia SP332, próximo às captações de Paulínia e Hortolândia. A montante do lançamento Antibióticos do Brasil e a jusante do lançamento da Globe Química.",2001-01-01,,PAULINIA
JAGR02800,Rio Jaguari - UGRHI 05,"Na captação de Limeira, junto à regua do DAEE 4D-013.",1974-10-01,,AMERICANA
JAHU02500,Rio Jaú,"Ponte na Av. Galdino do Amaral Carvalho,junto a régua do DAEE 5D-029.",2014-01-01,,JAU
JAIN02500,Rio Jacupiranguinha,Ponte na Avenida Luiz Lima a jusante da captação da Bungee,2011-01-01,,CAJATI
JAIN02800,Rio Jacupiranguinha,"3,5 Km à jusante da Bunge em Cajati",2008-01-01,2010-12-31,CAJATI
JAME04800,Córrego da Av. Jaime de Oliveira,Ponte na esquina da Marginal Pinheiros com a Av. Jaime de Oliveira.,2020-01-01,,SÃO PAULO
JAMI02001,Rio Jaguari-Mirim,"Na Ponte do Beloto, na estrada vicinal em Santo Antônio do Jardim, no km 217 da Rod. Engenheiro Borges (SP-346).",2016-01-01,,SANTO ANTONIO DO JARDIM
JAMI02100,Rio Jaguari-Mirim,"Ponte na estrada São João/Sto Ant do Jardim, altura da Fazenda Paraíso.",2005-01-01,2010-06-03,SANTO ANTONIO DO JARDIM
JAMI02300,Rio Jaguari-Mirim,"Na ponte da SP 344, depois do Bairro do Pedregulho, na altura do Km 238,5",2005-01-01,2010-06-03,SAO JOAO DA BOA VISTA
JAMI02500,Rio Jaguari-Mirim,"Ponte na Rodovia SP-340, no Km 212,9, junto a régua do DAEE 4C-013.",2005-03-01,,AGUAÍ
JAMI02900,Rio Jaguari-Mirim,Na foz do Rio Jaguari-Mirim.,2002-03-01,2005-03-01,SANTA CRUZ DAS PALMEIRAS
JAPI02100,Rio Jacupiranga,"Ponte na SP 193, que liga Jacupiranga a Eldorado.",2000-11-17,,JACUPIRANGA
JARD04800,Ribeirão do Jardim,"Ponte na área rural a jusante do lançamento das ETEs Matadouro, Fogão e Santa Quitéria.",2016-01-01,,GUAIRA
JARI00800,Reservatório Jaguari - UGRHI 05,"No corpo central do Res. Jaguari, em frente a ilha.",2008-01-01,,BRAGANCA PAULISTA
JCBA02950,Ribeirão Jacuba,"Ponte na Estrada Municipal Teodora Condiev, próximo da foz com o Rio Quilombo.",2018-02-01,,SUMARE
JCGU03200,Rio Jacaré-Guaçu,"PONTE NA ESTRADA DE TERRA DO BAIRRO MALVINAS, A JUSANTE DO CÓR. SANTA RUFINA.",2011-01-01,,RIBEIRAO BONITO
JCGU03400,Rio Jacaré-Guaçu,"Ponte na rodovia SP-255, no trecho que liga Boa Esperança do Sul a Araraquara, junto a régua DAEE 5C-013",2000-11-03,,ARARAQUARA
JCGU03900,Rio Jacaré-Guaçu,"Ponte na rodovia SP-304,no trecho que liga Ibitinga a Itajú.",1974-10-01,,IBITINGA
JCRE00100,Reservatório do Rio Jacareí-UGRHI 05,A cerca de 500m do túnel 7.,2014-07-17,,JOANOPOLIS
JCRE00200,Reservatório do Rio Jacareí-UGRHI 05,A cerca de 3km do Emboque do Túnel 7 das obras da Sabesp emergenciais do Sist. Cantareira.,2014-02-24,,PIRACAIA
JCRE00500,Reservatório do Rio Jacareí-UGRHI 05,No corpo central,2014-10-09,,VARGEM
JGUA03950,Ribeirão Jaguari - UGRHI 06,"Na ponte da Estrada Gov.Mario Covas, Bairro Mandi, em Itaquaquecetuba.",2012-01-01,,ITAQUAQUECETUBA
JIBU02750,Rio Pirajibú,Ponte na SP -075 na divisa de ITU/ Sorocaba.,2018-01-01,,ITU
JIBU02900,Rio Pirajibú,"Ponte próxima da Siderurgica Faço 3, no bairro Vitória Régia/Éden",2005-01-01,,SOROCABA
JNDI00100,Reservatório do Rio Jundiaí - UGRHI 06,"Ponte na rod. SP-69 no trecho que liga Mogi das Cruzes - Taiaçupeba, km 68, 500m da barragem",1977-01-01,1999-12-31,MOGI DAS CRUZES
JNDI00500,Reservatório do Rio Jundiaí - UGRHI 06,No canal de interligação do Res. do Rio Jundiaí com o reservatório Taiaçupeba.,2000-01-01,,MOGI DAS CRUZES
JOSE00900,Córrego São José,Ponte ao lado do Parque Linear São José. na R. Frederico René De Jaegher. G03- Mananciais.,2020-01-01,,SÃO PAULO
JPEP03150,Rio Jacaré-Pepira,"Ponte na Rua Francisco Costa, em Brotas. Cerca de 1,5 km a jusante da régua do DAEE 5D-028.",2014-01-01,,BROTAS
JPEP03500,Rio Jacaré-Pepira,"Ponte na rodovia SP-255, no trecho que liga Jaú a Boa Esperança do Sul.",1979-01-03,,DOURADO
JPEP03600,Rio Jacaré-Pepira,"PONTE SOBRE O RIO JACARÉ-PEPIRA, A JUSANTE DO RIBEIRÃO DA BOCAINA",2010-01-01,,BOCAINA
JQJU00900,Reservatório do Juqueri ou Paiva Castro,"Ponte Santa Inês, na rodovia que liga Mairiporã à Franco da Rocha",1977-01-01,,MAIRIPORA
JQRI03300,Rio Juqueri,Ponte na entrada da portaria 2 do Parque Estadual do Juquery.,2013-01-01,,FRANCO DA ROCHA
JQRI03800,Rio Juqueri,"Ponte dentro da Empresa Natura, ao lado da Rod. Anhanguera, Km 31",1974-01-01,,CAJAMAR
JUDA02300,Córrego Judas,"No Parque Severo Gomes, na área fechada ao público.",2020-01-01,,SÃO PAULO
JUMI00100,Ribeirão Jundiaí-Mirim,"No bairro Pitangal, em Jarinu.",2002-01-01,,JARINU
JUMI00250,Ribeirão Jundiaí-Mirim,"Ponte na Estrada Jundiaí/Jarinu, em frente ao Condomínio Campo Verde.",2002-01-01,,JUNDIAÍ
JUMI00500,Ribeirão Jundiaí-Mirim,Ponte a jusante da Cereser.,2002-01-01,,JUNDIAÍ
JUMI00800,Ribeirão Jundiaí-Mirim,Na captação de Jundiaí.,2002-01-01,,JUNDIAÍ
JUNA02010,Rio Jundiaí - UGRHI 05,Na captação de Campo Limpo Paulista.,2000-01-01,,CAMPO LIMPO PAULISTA
JUNA02020,Rio Jundiaí - UGRHI 05,"Ponte na Av. Aderbal da Costa Madeira, 50m a jusante do lançamento da Krupp,(Ind. Siderúrgica).",1977-01-01,,CAMPO LIMPO PAULISTA
JUNA02100,Rio Jundiaí - UGRHI 05,"Passarela na Av. Marginal do Rio Jundiaí (Rod. SP-332), altura do núm. 3100.",2000-01-01,,VÁRZEA PAULISTA
JUNA03150,Rio Jundiaí - UGRHI 05,"Na Ponte da Av. Antônio Frederico Ozanan, alt. da Rua Angelo Corradini.",2000-01-01,,JUNDIAÍ
JUNA03190,Rio Jundiaí - UGRHI 05,"Ponte de acesso à Akzo Nobel, em Itupeva.",2002-01-01,,ITUPEVA
JUNA03200,Rio Jundiaí - UGRHI 05,"Ponte sobre o Rio Jundiai, na estrada do Bairro Monte Serrat.",2000-01-01,,ITUPEVA
JUNA03270,Rio Jundiaí - UGRHI 05,"Na ponte de concreto, logo após a estrada de ferro, no distrito de Itaici, em Indaiatuba.",1974-01-01,,INDAIATUBA
JUNA03700,Rio Jundiaí - UGRHI 05,"Ponte no Jardim das Nações, em Salto.",2002-01-01,,SALTO
JUNA03900,Rio Jundiaí - UGRHI 05,"Ponte na Praça Álvaro Guião, próximo à foz com o Rio Tietê, na área urbana de Salto.",1992-01-01,,SALTO
JUNI03950,Rio Jundiaí - UGHRI 06,"Rio Jundiai, na estrada Velha Rio- SP, atual Av. Lourenço de Souza Franco, a montante da linha Férrea.",2014-12-01,,MOGI DAS CRUZES
JUQI00800,Rio Juquiá,"Ponte na rodovia BR-116, em Juquitiba.",1977-11-01,,JUQUITIBA
JUQI02900,Rio Juquiá,"Após a confluência com o Rio São Lourenço, no município de Juquiá.",2000-11-12,,JUQUIA
JURU02500,Reservatório Jurumirim,"Ponte na rodovia SP-255, no trecho que liga Avaré a Itaí.",2001-05-05,,AVARÉ
JUZI02400,Rio Jundiaizinho,"PONTE NA ESTR.MUN. JOSÉ CINTRA, NO BAIRRO PORTÃO.",2010-01-01,,ATIBAIA
JUÇA04900,Córrego do Pirajussara,Ponte na entrada da USP,2012-01-01,,SÃO PAULO
KAIU02950,Ribeirão CAIUÁ - UGRHI 22,"Na ponte na vicinal SPV-71, próximo à Delegacia fluvial de Pres. Epitácio.",2018-01-01,,PRESIDENTE EPITACIO
KERA04990,Ribeirão Itaquera,A CERCA DE 70 M DA SUA FOZ NO RIO TIETE,2009-01-01,,SÃO PAULO
KERI02900,Ribeirão Itaqueri,500 m à jusante da confluencia com o Rib. Água Branca.,2018-01-01,,ITIRAPINA
KNOA02500,Rio Canoas,"Na captação da SABESP de Franca no Rio Canoas, na divisa de SP/MG.",2018-01-01,,FRANCA
KUJA04350,Córrego das Corujas,Ponte na Av. das Corujas X Rua Juranda.,2020-01-01,,SÃO PAULO
LAGE02500,Ribeirão Lageado,"Rua Altino Vaz de Melo, na captação do município de Penápolis.",2001-01-01,,PENAPOLIS
LAPE04850,Ribeirão Lavapés - UGRHI 5,"Ponte na Rua Antonio Sabella, cerca de 1 km da Foz com o Rio Jaguari.",2017-01-01,,BRAGANCA PAULISTA
LAPE04900,Ribeirão Lavapés - UGRHI 5,Na Foz com o Rio Jaguari.,2004-01-01,2016-12-31,BRAGANCA PAULISTA
LARO02500,Rio Claro - UGRHI 05,"NA CAPTAÇÃO ETA I-RIO CLARO, PROXIMO DO HORTO FLORESTAL",2010-01-01,,RIO CLARO
LARO02900,Rio Claro - UGRHI 05,"Na ponte próxima à foz, no Rio Corumbataí, no distrito de Assistência",2005-01-01,,RIO CLARO
LAVP03055,Ribeirão Lavapés - UGHRI 10,A jusante da confluência com o Córrego Tijuco Preto.,2017-01-01,,BOTUCATU
LCLI02500,Lago da Aclimação,"Lago da Aclimação, no meio do corpo central.",2021-04-01,,SÃO PAULO
LENS02500,Rio Lençóis,"Na Rua Quinze de Novembro, 1111, na captação do município de Lençóis Paulistas.",2001-01-01,,LENÇOIS PAULISTA
LENS03950,Rio Lençóis,"PONTE NA ROD. MACATUBA/ IGARAÇU DO TIETE, A 400 METROS DA SUA FOZ",2008-11-01,,IGARACU DO TIETE
LJAR02990,Lago 1 do Parque do Jaragua,NA SAÍDA DO LAGO 1 DO PICO DO JARAGUÁ,2008-11-01,,SÃO PAULO
MACK04900,Córrego da Av. Alexandre Mackenzie,"No trevo da Av. Alexandre Mackenzie com a Marginal Pinheiros, em frente ao posto de gasolina.",2020-01-01,,SÃO PAULO
MADE21700,Mar de Dentro,PIER DA BALSA QUE LIGA O CONTINENTE A CANANÉIA,2008-01-01,,CANANEIA
MARE02900,Rio Maresias,"Ponte na Rodovia SP-55, Km 153, sobre o rio Maresias",2004-01-01,,SÃO SEBASTIAO
MARI04250,Ribeirão do Marinheiro,"Ponte na vicinal Isidoro Parise, na divisa de municípios de Pedranopolis e Parisi.",2013-01-01,,PEDRANOPOLIS
MARO22800,Rio Santo Amaro,"Ponte na Av. Santos Dumont, depois do Posto de Saúde Municipal.",2013-01-01,,GUARUJA
MATA04900,Córrego Matadouro - UGRHI 15,"Ponte na rua Síria, no Jardim Glória, proximo da sua foz no Córrego Olhos Dágua.",2016-01-01,,OLIMPIA
MEIO02900,Ribeirão do Meio,"Ponte F. Baldim, sobre o Ribeirão do Meio, ao lado da Fazenda, junto a régua do DAEE 4D-030.",2002-01-01,,LEME
MOCA02990,Reservatório Cachoeira de Cima,A montante da barragem da AES - Usina Elétrica de Mogi Guaçú,2002-01-01,,MOGI-GUAÇU
MOCO02900,Rio Mocooca,"Ponte na Rod. Manoel Hyppolito Rego, altura da praia da Mocooca.",2013-05-15,,CARAGUATATUBA
MOGU02100,Rio Mogi-Guaçu,"Ponte na rodovia de terra que liga Pinhal a Jacutinga, em Minas Gerais.",2000-10-06,,ESPÍRITO SANTO DO PINHAL
MOGU02160,Rio Mogi-Guaçu,"Ponte na Rodovia SP-340, a jusante da cidade de Mogi-Guaçú.",2002-01-01,,MOGI-GUAÇU
MOGU02170,Rio Mogi-Guaçu,"Dentro da International Paper, a montante da confluência com o Rio Mogi-Mirim.",2002-01-01,2003-12-31,MOGI-GUAÇU
MOGU02175,Rio Mogi-Guaçu,"Dentro da International Paper, a jusante da confluencia do Rio Mogi-Mirim. P4.",2002-01-01,2003-12-31,MOGI-GUAÇU
MOGU02180,Rio Mogi-Guaçu,"Dentro da International Paper, depois da última plataforma, 200 metros a jusante do lançamento do efluente líquido.",2002-01-01,2013-12-31,MOGI-GUAÇU
MOGU02200,Rio Mogi-Guaçu,"Ponte na rodovia que liga Leme a Conchal, em Pádua Sales.",1976-01-01,,MOGI-GUAÇU
MOGU02210,Rio Mogi-Guaçu,À jusante da confluência com o córrego Ferraz ou do Pinhal.,2001-01-01,,MOGI-GUAÇU
MOGU02220,Rio Mogi-Guaçu,À jusante da confluência com o córrego Arari ou Araras.No município de Mogi-Guaçu.,2002-01-01,2010-06-03,MOGI-GUAÇU
MOGU02240,Rio Mogi-Guaçu,"A jusante da Usina Cresciumal, em frente a placa do IBAMA que protege a mata ciliar.",2002-01-01,2008-12-31,LEME
MOGU02250,Rio Mogi-Guaçu,"Rio Mogi Guaçú, a montante do Ribeirão do Meio - Bairro Taquari Ponte. Junto a régua do DAEE 4D-029.",2002-01-01,,LEME
MOGU02260,Rio Mogi-Guaçu,A jusante da confluência do ribeirão do Meio.,2002-01-01,2016-12-31,PIRASSUNUNGA
MOGU02270,Rio Mogi-Guaçu,À jusante da confluência do Ribeirão do Meio e do Rib. Itupeva.,2002-01-01,,PIRASSUNUNGA
MOGU02300,Rio Mogi-Guaçu,"Junto à captação da ETA da Academia da Força Aérea, em Pirassununga.",1981-10-01,,PIRASSUNUNGA
MOGU02340,Rio Mogi-Guaçu,"Na Cachoeira de Emas, antes da barragem.",1979-03-01,2008-12-31,PIRASSUNUNGA
MOGU02350,Rio Mogi-Guaçu,"Na Cachoeira das Emas, depois da barragem em frente ao Restaurante César.",2001-01-01,,PIRASSUNUNGA
MOGU02410,Rio Mogi-Guaçu,"A montante do Rib. dos Patos, antes do Parque Estadual de Porto Ferreira.",2002-01-01,2003-12-31,PORTO FERREIRA
MOGU02450,Rio Mogi-Guaçu,"À jusante da cidade de Porto Ferreira -Ponte na Rod. Anhanguera, no Km 228.",2001-01-01,,PORTO FERREIRA
MOGU02490,Rio Mogi-Guaçu,"Na Usina Santa Rita, na divisa de Santa Rita de Passa Quatro com Descalvado.",2001-01-01,,SANTA RITA DO PASSA QUATRO
MOGU02500,Rio Mogi-Guaçu,"Balsa da estrada que liga Santa Eudóxia a Luis Antonio, em Porto Pulador.",1979-03-01,2000-12-31,SÃO CARLOS
MOGU02800,Rio Mogi-Guaçu,"PONTE NA SP 333, NA ENTRADA DE BARRINHA",2010-01-01,,BARRINHA
MOGU02900,Rio Mogi-Guaçu,"No Rancho Sto Antônio, próximo à rodovia que liga Sertãozinho a Pitangueiras, próximo a regua do DAEE 5C - 025.",1977-01-01,,PITANGUEIRAS
MOIN02600,Ribeirão do Moinho,Ponte na SP- 563 junto à régua do DAEE 8C-009.,2013-01-01,,ANDRADINA
MOIS02300,Córrego do Morais,NA ENTRADA DA ESTAÇÃO ECOLÓGICA DA UNESP,2008-11-01,,SÃO JOSÉ DO RIO PRETO
MOIS02600,Córrego do Morais,"NA REPRESA DO MORAIS, DENTRO DO INST. PENAL AGRÍCOLA, NO VERTEDOURO DA MARGEM DIREITA",2008-11-01,,SÃO JOSÉ DO RIO PRETO
MOJI02800,Rio Moji,"Ponte na Rodovia Piaçaguera-Guarujá, que liga Cubatão a Guarujá.",1977-01-01,,CUBATAO
MOJI02840,Rio Moji,PRÓXIMO A USIMINAS,2010-07-01,,CUBATAO
MOMI02400,Rio Mogi Mirim,"Rio Mogi Mirim na Ponte da SP 147 Km 56,8 no Bairro do Mirante.",2003-01-01,2010-06-03,MOGI-MIRIM
MOMI03800,Rio Mogi Mirim,"Rio Mogi Mirim na Ponte da SP 340, no Km 166,5.",2002-01-01,,MOGI-MIRIM
MONJ04400,Rio Monjolinho,PONTE A JUSANTE DA ETE MONJILINHO,2011-01-01,,SÃO CARLOS
MOVE03400,Ribeirão Moinho Velho,"Ponte na Estrada Velha de Cotia, altura do núm. 151",,,COTIA
MOVE03500,Ribeirão Moinho Velho,"Ponte do Km 26 da Raposo Tavares, antes da Industria Firmenich.",2002-01-31,,COTIA
NAEM02850,Rio Itanhaém,"No Pier da sede do DAEE de Itanhaém , junto ao posto DAEE 3F-006.",2001-01-01,,ITANHAEM
NAEM02900,Rio Itanhaém,"Rua Demerval Pereira Leite, na altura do nº 214, na margem oposta ao Iate Clube.",2001-01-01,,ITANHAEM
NINO04900,Ribeirão dos Meninos,"Ponte da Av. do Estado, na divisa dos municípios de São Paulo e São Caetano do Sul.",2001-12-02,,SÃO PAULO
NITO00600,Rio Bonito,Ponte na Rua Jaburuna. (G01-Programa Mananciais).,2020-01-01,,SÃO PAULO
NOSG02500,Braço do Rio Novo- UGRHI 17,"Ponte no Braço do Rio Novo na estrada Salto Grande/Cambará, na saída da cidade.",2020-01-01,,SALTO GRANDE
NOVO02450,Rio Novo-Af. Pardo UGRHI 17,"PONTE NA SP 255 (ROD. JOÃO MELLÃO), KM 243",2010-01-01,,AVARÉ
NSRA02900,Rio Nossa Senhora da Ajuda,"Junto a vila principal, ponte sobre o rio a 2 quarteirões da antiga cadeia",2004-01-01,,ILHABELA
NUMA04900,Ribeirão das Anhumas,"Próximo à foz no Rio Atibaia. Ponte antes da entrada da Rhodia, saindo de Paulínia.",2002-01-01,,PAULINIA
NUMA04990,Ribeirão das Anhumas,"RIBEIRÃO ANHUMAS, PONTE DO RESTAURANTE RHODIA",2008-01-01,,PAULINIA
OLAR04800,Córrego Olaria,"Ponte ao lado da 1ª CIA da PM, na Rua Miguel Yunes, Jurubatuba.",2020-01-01,,SÃO PAULO
OLHO02690,Córrego dos Olhos d Água,"Ponte na Rua Durval Brite, a montante do Córrego do Matadouro",2015-07-01,,OLIMPIA
ONCA02500,Ribeirão da Onça (UGRHI15),Ponte na rodovia que liga Palmares Paulista a Paraíso.,1980-01-01,,PALMARES PAULISTA
OQUE02900,Ribeirão do Roque,"Ponte na vicinal Ricieri Scatolini, na foz do Rib. do Roque, junto a régua do DAEE 4D-032. Na Vicinal Ricieri Scatolini.",2002-01-01,,PIRASSUNUNGA
ORIZ02600,Rio Oriçanga,"Ponte na SP 340 no Km 179,5.",2005-01-01,2010-06-03,MOGI-GUAÇU
ORIZ02900,Rio Oriçanga,"Ponte sobre a Rod. Almino Afonso, em Martinho Prado, ao lado da Fazenda Mombaça.",2002-01-01,,MOGI-GUAÇU
PADO02400,Rio Pardo - UGRHI 17,"Ponte na entrada de Águas de Santa Bárbara ao lado da Nestlé, junto à régua do DAEE 6D-002.",2016-01-01,,ÁGUAS DE SANTA BARBARA
PADO02500,Rio Pardo - UGRHI 17,"Ponte na rodovia ao lado da captação da SABESP, em Santa Cruz do Rio Pardo.",2001-01-01,,SANTA CRUZ DO RIO PARDO
PADO02600,Rio Pardo - UGRHI 17,Captação de Ourinhos.,1981-01-01,,OURINHOS
PALM03800,Ribeirão das Palmeiras,"PONTE SOBRE A ESTRADA MUN. JABORANDI-TERRA ROXA, NAS PROXIMIDADES DA ANTIGA USINA HIDROELETRICA",2010-01-01,,JABORANDI
PALT04970,Ribeirão Ponte Alta,"Na Ponte da E.F.Sorocabana, no Bairro Curuça 1, perto da confluência com o rio Itapetininga.",2006-03-17,,ITAPETININGA
PARB02050,Rio Paraíba do Sul,"Na captação de Santa Branca (SAEE), no bairro Angola de Cima.",2004-01-01,,SANTA BRANCA
PARB02100,Rio Paraíba do Sul,"Ponte na rodovia SP-77, no trecho que liga Jacareí a Santa Branca.",1979-01-01,,SANTA BRANCA
PARB02200,Rio Paraíba do Sul,Junto à captação do município de Jacareí,1999-10-01,,JACAREI
PARB02300,Rio Paraíba do Sul,"Ponte de acesso ao loteamento Urbanova, em São José dos Campos.",1983-09-01,,SÃO JOSÉ DOS CAMPOS
PARB02310,Rio Paraíba do Sul,Na captação de São José dos Campos.,2001-01-01,,SÃO JOSÉ DOS CAMPOS
PARB02400,Rio Paraíba do Sul,"Ponte na rua do Porto, no trecho que liga Caçapava ao bairro Menino Jesus.",1979-01-01,,CACAPAVA
PARB02490,Rio Paraíba do Sul,"Na captação da SABESP em Tremembé, que abastece Taubaté.",1995-09-01,,TREMEMBÉ
PARB02530,Rio Paraíba do Sul,Na captação da SABESP de Pindamonhangaba,2004-01-01,,PINDAMONHANGABA
PARB02600,Rio Paraíba do Sul,Na captação de Aparecida,1974-10-01,,APARECIDA
PARB02700,Rio Paraíba do Sul,"Ponte na rodovia BR-459, no trecho que liga Lorena a Piquete.",1995-09-01,,LORENA
PARB02800,Rio Paraíba do Sul,"Ponte Hamilton Galhano, na SP-52, à montante de Cruzeiro.",2019-01-01,,CRUZEIRO
PARB02900,Rio Paraíba do Sul,Ponte na cidade de Queluz.,1974-10-01,,QUELUZ
PARC04900,Córrego do Pau Arcado/ Morumbi,"Ponte na Rua Itapaiúna, Vila Andrade, ao lado da reciclagem.",2020-01-01,,SÃO PAULO
PARD02010,Rio Pardo - UGRHIs 4 e 12,"Ponte na rodovia SP-350, no trecho que liga São José do Rio Pardo à Guaxupé.",2000-10-03,,SÃO JOSÉ DO RIO PARDO
PARD02100,Rio Pardo - UGRHIs 4 e 12,"Ponte na rodovia SP-340, trecho que liga Casa Branca a Mococa.",1996-01-09,,MOCOCA
PARD02400,Rio Pardo - UGRHIs 4 e 12,"Na Rod.SP 333, na ponte velha da divisa de Serra Azul com Santa Cruz da Esperança.",2016-01-01,,SANTA CRUZ DA ESPERANÇA
PARD02500,Rio Pardo - UGRHIs 4 e 12,"Margem esquerda, no Clube de Regatas de Ribeirão Preto, junto à régua do DAEE 4C-001.",1974-10-01,,RIBEIRAO PRETO
PARD02600,Rio Pardo - UGRHIs 4 e 12,"Margem direita, a 50 m da ponte da rodovia que liga Pontal a Cândia",1979-03-01,,PONTAL
PARD02700,Rio Pardo - UGRHIs 4 e 12,Ponte na rodovia que liga Viradouro a Morro Agudo.,1979-03-01,2008-12-31,VIRADOURO
PARD02750,Rio Pardo - UGRHIs 4 e 12,"PONTE NA SP 373, que liga Jaborandí a Morro Agudo, ALTURA DO KM 126",2009-04-01,,JABORANDI
PARD02800,Rio Pardo - UGRHIs 4 e 12,"Ponte na variante da rodovia SP-425, no trecho que liga Guaíra a Barretos.",1974-10-01,,GUAIRA
PARE00600,Rio Parelheiros,Ponte na Rua José Roschel Rodrigues -Ponto G08- Programa Mananciais).,2020-01-01,,SÃO PAULO
PARI02700,Rio do Pari,"Ponte na estrada de terra que liga Palmital ao distrito de Sussuí, junto a régua do DAEE 7D-006.",2015-01-01,,PALMITAL
PARN02100,Rio Paraná,"Sobre a barragem do Reservatório de Jupiá, ao lado da ETA.",1974-10-01,,CASTILHO
PARN02110,Rio Paraná,"Rio Paraná, à jusante da barragem de Jupiá.",2016-10-01,,CASTILHO
PARN02400,Rio Paraná,Rio Paraná - Próximo a ponte que liga Paulicéia a Brasilândia/MS,2016-10-01,,PAULICEIA
PARN02740,Rio Paraná,"Margem esquerda do Rio Paraná, à jusante do Rio Santo Anastacio, próximo da Pousada Cururu, em Presidente Epitácio.",2016-10-01,,PRESIDENTE EPITACIO
PARN02750,Rio Paraná,Ponte na rodovia que liga Presidente Epitácio (SP) a Bataguaçú (MS),1996-07-24,2000-12-31,PRESIDENTE EPITACIO
PARN02900,Rio Paraná,Na barragem do reservatório de Porto Primavera.,1996-07-24,,ROSANA
PARN02910,Rio Paraná,A jusante da Usina de Porto Primavera,2016-10-01,,ROSANA
PARP02100,Rio Paranapanema,Ponte na rodovia que liga Campina do Monte Alegre a Buri.,1978-09-01,,CAMPINA DO MONTE ALEGRE
PARP02500,Rio Paranapanema,"Ponte na rodovia BR-153, no município de Ourinhos.",1996-07-04,,OURINHOS
PARP02750,Rio Paranapanema,Ponte 800m à jusante da barragem de Capivara.,1974-10-01,,TACIBA
PARP02900,Rio Paranapanema,"A jusante da barragem da Usina de Rosana, na rodovia SP-613.",1996-07-24,,ROSANA
PATO02900,Ribeirão dos Patos,"Ponte na estrada de terra, a 3 km da BR 153, na altura da UHE de Promissão",2007-01-01,,PROMISSAO
PAÇU02600,Rio Pariquera-Açu,"Ponte dentro da Fazenda Ouro Verde, na estrada de terra que leva ao Parque Estadual Campina do Encantado.",2014-01-01,,PARIQUERA-ACU
PBAX04600,Córrego da Ponte Baixa,Ponte na Rua Guilherme Valente junto ao medidor de nível do SAISP (AT84 -PMSPMB-02).,2020-01-01,,SÃO PAULO
PCAB02100,Rio Piracicaba,"Na captação de água de Americana, na localidade de Carioba. Junto à régua do DAEE 4D-010.",1974-10-01,,AMERICANA
PCAB02135,Rio Piracicaba,"Na ponte de concreto da estrada Americana-Limeira, na divisa de Limeira e Sta. Bárbara d'Oeste.",1979-11-01,,LIMEIRA
PCAB02160,Rio Piracicaba,"Na margem direita, aproximadamente 800m a montante da foz do Ribeirão dos Coqueiros, em Iracemápolis.",1980-01-01,2000-12-31,IRACEMÁPOLIS
PCAB02192,Rio Piracicaba,"Ponte a 50m do Km 135,3 da estrada que liga Piracicaba a Limeira, próximo à Usina Monte Alegre.",1977-01-01,,PIRACICABA
PCAB02220,Rio Piracicaba,"Margem esquerda, 2,5 Km a jusante da foz do Rib. Piracica-Mirim, na captação de Piracicaba.",1995-12-17,,PIRACICABA
PCAB02300,Rio Piracicaba,Na ponte do Caixão.,2002-01-01,,PIRACICABA
PCAB02800,Rio Piracicaba,"Em frente à fonte sulfurosa, junto ao posto 4D-07 do DAEE, na localidade de Artemis.",1974-10-01,,PIRACICABA
PCBP02500,Braço do Rio Piracicaba,"Ponte na rodovia SP-191, no trecho que liga Santa Maria da Serra a São Manuel.",1995-11-07,,SANTA MARIA DA SERRA
PDIZ00700,Ribeirão das Perdizes,"Na captação da SABESP do Jardim Alpestre, em Campos do Jordão.",2019-01-01,,CAMPOS DO JORDAO
PDRA02450,Córrego das Pedras ou Mandi - UGRHI 12,"Ponte próxima ao Country Club Rio das Pedras, jusante do lançamento da ETE II de Barretos.",2016-01-01,,BARRETOS
PEBA00100,Reservatório Taiaçupeba,No início do braço do Taiaçupeba-Mirim.,2001-01-01,2009-06-01,SUZANO
PEBA00900,Reservatório Taiaçupeba,Na captação da SABESP,2001-01-01,,SUZANO
PEDA03900,Ribeirão das Pedras,A jusante da ponte da Rodovia Fernando Nobre.,2002-01-31,,COTIA
PEDR04800,Córrego Pedreiras,"Ponte na Av. Ns. Sra. do Sabará, próx. número 5600, ao lado do ponto de onibus.",2020-01-01,,SÃO PAULO
PEIX02100,Rio do Peixe-UGRHI 21,Ponte na rodovia que liga Marília a Assis.,1979-01-01,,MARILIA
PEIX02400,Rio do Peixe-UGRHI 21,Ponte na Rod. Brigadeiro Eduardo Gomes na divisa Bastos/Rancharia.,2014-01-01,,BASTOS
PEIX02600,Rio do Peixe-UGRHI 21,"Ponte na estrada que liga Caiabú a Mariápolis, 3km a montante da captação da SABESP de Presidente Prudente.",2011-01-01,,CAIABU
PEIX02800,Rio do Peixe-UGRHI 21,Ponte na rodovia que liga Tupi Paulista à Presidente Venceslau.,1979-01-17,,DRACENA
PEIX02950,Rio do Peixe-UGRHI 21,"Na Foz do Rio do Peixe, 800 m a jusante da Ponte de Arco, entre Panorama e Campinal.",2020-01-01,2020-12-31,CAIUA
PEMI02900,Rio Perequê-Mirim,"Praia Perequê Mirim, Rodovia Rio - Santos (SP55), ponte sobre o rio",2004-01-01,,UBATUBA
PEOV03900,Ribeirão Perová,"Na passarela da Rua Nossa Sra. de Lourdes, Bairro Jardim Japão.",2012-01-01,,ITAQUAQUECETUBA
PERE02900,Rio Perequê,No Rio Perequê. Junto a captação da Carbocloro.,2004-04-01,,CUBATAO
PETO02900,Rio Preto - UGRHI 07,Na ponte do caminho do Guaraú.,2001-01-01,,PERUIBE
PEVA02900,Rio da Itupeva,Ponte de madeira na Foz do Rio Itupeva em estrada de terra. (antigo P12 ).,2002-01-01,,PIRASSUNUNGA
PEXE02050,Rio do Peixe-UGRHI 9,"Ponte no bairro do Rio do Peixe, na estrada para Munhoz",2009-07-01,2010-06-30,SOCORRO
PEXE02100,Rio do Peixe-UGRHI 9,"Ponte na Rodovia SP-08, que liga Socorro a Lindóia, à jusante da captação da SABESP.",2005-07-01,,SOCORRO
PEXE02150,Rio do Peixe-UGRHI 9,"Ponte à jusante do Hotel Cachoeira, em Socorro.",2005-07-01,,SOCORRO
PEXE02950,Rio do Peixe-UGRHI 9,"Ponte na Foz do Rio do Peixe, na Estr. de Piraporinha x Estrada Luiz Cavinague.",2013-01-01,,ITAPIRA
PGUI02700,Ribeirão Pirapitingui,"Ao lado da captação Aguas de Itu, junto a barragem do condomínio Terras de São José.",2015-01-01,,ITU
PIAC02700,Rio Piaçaguera,"Ponte localizada na COSIPA, continuação da antiga Rua 3, Vila Parisi, 300m jusante Adubos Trevo.",1982-08-01,,CUBATAO
PIAL02900,Ribeirão do Pinhal,No canal do Rib.Pinhal na Captação Águas de Limeira.,2003-01-02,,LIMEIRA
PIMI02900,Ribeirão Piracicamirim,Na foz com o Rio Piracicaba.,2002-01-01,,PIRACICABA
PINH04100,Rio Pinheiros,"Na Usina Elevatória de Pedreira, no centro do canal",1977-01-01,,SÃO PAULO
PINH04105,Rio Pinheiros,"Na margem esquerda do Canal, perto da Usina Elevatória de Pedreira, depois da Est.Flot (2) Pinheiros/Pedreira, em frente a Est. do Kfw.",2003-03-03,,SÃO PAULO
PINH04110,Rio Pinheiros,"Margem esquerda do canal Pinheiros, entre a ponte de Interlagos e EF (2) Pinheiros/Pedreira.",2003-03-03,,SÃO PAULO
PINH04190,Rio Pinheiros,"Margem esquerda do canal Pinheiros, entre a Est.Flot.1- Pinheiros/Zavuvus) e a ponte de Interlagos .",2003-03-03,,SÃO PAULO
PINH04200,Rio Pinheiros,"Antes da Est.Flot.1- Pinheiros/Zavuvus) , em frente à estação de Jurubatuba.",2003-03-03,,SÃO PAULO
PINH04250,Rio Pinheiros,NA PONTE DO SOCORRO.,2009-01-01,,SÃO PAULO
PINH04500,Rio Pinheiros,EMBAIXO DA PONTE ARI TORRES (AV. BANDEIRANTES).,2009-01-01,,SÃO PAULO
PINH04900,Rio Pinheiros,"Próximo à sua foz no Rio Tietê, na Estrutura de Retiro.",1998-01-01,,SÃO PAULO
PINO02100,Ribeirão Pinheiros/UGRHI 05,"Ponte a montante da ETE de Vinhedo. O córrego esta correndo 'a esquerda, paralelamente a Rod.dos Andradas, no trecho urbano de Vinhedo.",2002-01-01,,VINHEDO
PINO03400,Ribeirão Pinheiros/UGRHI 05,"Ponte na Rua Agostinho Ramos, a jusante da ETE Vinhedo (SANESAVI).",2014-05-01,,VALINHOS
PINO03500,Ribeirão Pinheiros/UGRHI 05,"Ponte à montante da Rigesa, no centro de Valinhos.",2002-01-01,2002-12-31,VALINHOS
PINO03900,Ribeirão Pinheiros/UGRHI 05,"Ponte na Marginal paralela à Rod.Dom Pedro, alt. Km 122,5 (sentido Campinas) .Próximo à foz no Rio Atibaia.",2002-11-01,,VALINHOS
PIRE02800,Ribeirão Pires,"Na ponte na Rua Capitão José Galo com a Av. Brasil, próximo ao corpo de Bombeiros.(B27-Programa Mananciais).",2020-01-01,,RIBEIRAO PIRES
PIRE02900,Ribeirão Pires,"Ponte da Eletropaulo, na Av. Rotary, no bairro Estância Noblesse, quase às margens Reservatório do Rio Grande.",2003-01-01,,RIBEIRAO PIRES
PITA02450,Ribeirão das Pitangueiras,"Na Captação do SAAEB, Serviço Autônomo de Água e Esgoto de Barretos, no final da rua 18.",2016-01-01,,BARRETOS
PITA04800,Ribeirão das Pitangueiras,À jusante da Fazenda do Buracão.,2010-01-01,,BARRETOS
PIVI02850,Ribeirão Capivari - UGRHI 17,"Na ponte do distrito de Agissê, junto a régua do DAEE-7D-012.",2015-01-01,,RANCHARIA
PIVR02700,Rio da Capivara - UGRHI 17,"Na ponte da Rodovia Raposo Tavares, km 473, em Maracaí, próximo a régua DAEE 7D-013.",2015-01-01,,MARACAI
PIZI02900,Rio Pirapozinho,"Ponte na Rod. SP-613, próximo ao km 13.",2016-01-01,,MIRANTE DO PARANAPANEMA
PIÇA04850,Rio do Piçarrão,"Ponte na Av. John Boyd Dunlop, Jardim Florence. Cerca de 5 km à montante da ETE Capivari da SANASA.",2016-06-30,,CAMPINAS
PNHO04500,Ribeirão Pinheirinho - UGHRI 8,"Ponte na Av. 9 de Jullho, junto a régua do DAEE 4C-002, em Santo Antonio da Alegria.",2016-01-01,,SANTO ANTONIO DA ALEGRIA
POLA02500,Ribeirão da Ponte Lavrada,"Captação da SABESP - São Roque, no Distrito de Canguera",2005-10-26,2010-12-31,SAO ROQUE
POLI04900,Córrego Poli,"Ponte na Av. Nações Unidas, esquina com a Rua Moacir Padilha.",2020-01-01,,SÃO PAULO
PONT04950,Córrego do Pontilhão ou Barrinha,"Na sua foz, na ponte junto a linha do trem, em Cruzeiro.",2015-01-01,,CRUZEIRO
PORA02700,Rio Pirapora,NA PONTE PRÓXIMA A CAPTAÇÃO DE SALTO DE PIRAPORA,2010-01-01,,SALTO DE PIRAPORA
PORC03150,Ribeirão dos Porcos,"Na Vila Maringá, em frente a Rua Francisco Staut, P2 do Monitoramento CREUPI",2005-01-01,2010-06-03,ESPÍRITO SANTO DO PINHAL
PORC03900,Ribeirão dos Porcos,"Ponte na foz do Ribeirão dos Porcos com o Rio Mogi-Guaçu, no Bairro Veridiana.",2005-01-01,,ESPÍRITO SANTO DO PINHAL
PQTE02800,Rio Piquete,"Na ponte da divisa de Cachoeira Paulista com Cruzeiro, na rodovia Deputado Nesralla Rubes, altura do km 213.",2015-01-01,,CACHOEIRA PAULISTA
PRAT02400,Rio da Prata,"NA PONTE DA ENTRADA DO COND. RESIDENCIAL SANTO ANTONIO, A JUSANTE DA ETE.",2008-07-01,,SANTO ANTONIO DO PINHAL
PRET02800,Rio Preto - UGRHI 15,Ponte na rodovia que liga Américo de Campos a Palestina.,1974-10-01,,PALESTINA
PRET04300,Rio Preto - UGRHI 15,Ponte na estrada que liga a cidade de Ipigua à Rodovia BR -153.,2000-10-17,,IPIGUÁ
PTEI02900,Rio Paratei,"Ponte na estrada de acesso ao Res. Jaguari, próximo à cervejaria Brahma, em Jacareí.",2000-03-01,,JACAREI
PTIN00850,Rio Paraitinga,"Na régua da CESP do Rio Paraitinga, 2 km a montante do centro da cidade S. L. Paraitinga.",2012-01-01,,SAO LUIS DO PARAITINGA
PUBA02950,Rio Paúba,Dentro da propriedade Tranesco,2004-01-01,2008-12-31,SÃO SEBASTIAO
PUNA00800,Rio Paraibuna,"Ponte no bairro das Palmeiras, a montante da régua da CESP.",2012-01-01,,NATIVIDADE DA SERRA
PZUL02950,Córrego Pedra Azul,"No Parque da Aclimação, na canaleta de concreto, antes do sistema de flotação da SABESP.",,,SÃO PAULO
PZUL02990,Córrego Pedra Azul,"No Parque da Aclimação, depois da EFRF da SABESP.",2021-04-01,,SÃO PAULO
QLOM02950,Rio Quilombo,Av. Princesa Isabel ponte sobre o rio,2004-01-01,,ILHABELA
QUEM02300,Ribeirão do Moquem,"Em Sta. Cruz da Conceição, a montante da Represa Euclides Moreli.",2003-01-01,2010-06-03,SANTA CRUZ DA CONCEICAO
QUIL03030,Ribeirão Quilombo,Ponte da Estr. Mun. Joannine Caumo na divisa Campinas/ Sumaré. Cerca de 500m à jusante da ETE San Martin da SANASA.,2018-01-01,,CAMPINAS
QUIL03200,Ribeirão Quilombo,Ponte na estrada que liga a Via Anhanguera a Paulínia.,2002-01-01,,SUMARE
QUIL03500,Ribeirão Quilombo,Na passarela de pedestres em frente a Rua 2. `A montante da ETE Palmital de Nova Odessa.,2018-01-01,,SUMARE
QUIL03900,Ribeirão Quilombo,"Na foz no Rio Piracicaba. Na ETE de Americana, no bairro Carioba.",2002-01-01,,AMERICANA
RAIN00880,Represa do Rio Atibainha,"Em frente as obras de colocação da bomba para captação do volume morto, antes da Ensecadeira. Em frente ao muro da Estrada que liga Nazaré-Guarulhos.",2014-04-23,,NAZARE PAULISTA
RCAB00900,Reservatório do Cabuçu,Junto à barragem da captação do município de Guarulhos (SAEE).,1977-01-01,1978-12-12,GUARULHOS
RCOL02500,Ribeirão Colônia,"Ponte na rua Paulino Gotzfrits alt. num. 1, com acesso ao ponto pelo pelo lava-rápido). (B14 - Programa Manaciais).",2020-01-01,,SÃO PAULO
RECA02900,Ribeirão das Marrecas,Ponte na entrada da cidade na Rodovia Comandante João Ribeiro de Barros.,2015-01-01,,PANORAMA
REIM02800,Córrego Reimberg ou Cocaia,"Ponte na Av. Dona Belmira Marim, alt. N. 2800, no Bairro Cocaia.(B01-Programa Mananciais).",2020-01-01,,SÃO PAULO
REIS02900,Rio Canal Barreiros,Na ponte pênsil.,2001-01-01,,SÃO VICENTE
RGDE02030,Reservatório do Rio Grande,"1 Km depois da desembocadura do Rio Grande ou Jurubatuba, próximo a transposição da SABESP.",2015-01-01,,RIBEIRAO PIRES
RGDE02200,Reservatório do Rio Grande,"No Clube Prainha Tahiti Camping Náutica, na altura do Km 42 da rodovia SP-31.",1983-01-01,,RIBEIRAO PIRES
RGDE02900,Reservatório do Rio Grande,"Próximo à rodovia Anchieta, junto à captação da SABESP",1974-10-01,,SÃO BERNARDO DO CAMPO
RGOA02900,Rio Lagoa,"Praia de Aruã, ponte sobre o rio na avenida Beira-Mar",2004-01-01,,CARAGUATATUBA
RGRA02990,Ribeirão Grande,"PONTE NA ROD. AUGUSTO SGAVIOLI, A 3 KM DA SUA FOZ NO RIO TIETE",2008-10-01,,PEDERNEIRAS
RIBE02500,Rio Ribeira,"No município de Itaóca, na plataforma da balsa, a 3 Km do centro da cidade.",1982-01-01,,ITAOCA
RIBE02900,Rio Ribeira,"Ponte na Rod. Empei Hiraide, ao lado da captação da SABESP de Sete Barras, junto do Posto Flu 4F-015.",2014-01-01,,SETE BARRAS
RICO02200,Córrego Rico- UGHRI 9,PONTE NA ESTRADA DE TERRA A MONTANTE DA ETE CORREGO DO RICO,2010-01-01,,MONTE ALTO
RICO02600,Córrego Rico- UGHRI 9,NA CAPTAÇÃO DE JABOTICABAL (SAAEJ),2010-01-01,,JABOTICABAL
RICO03900,Córrego Rico- UGHRI 9,PONTE NA ESTRADA DE TERRA BARRINHA/USINA SÃO CARLOS.,2010-01-01,,JABOTICABAL
RIIG02500,Rio Ribeira de Iguape,"Ponte na rodovia BR-116, em Registro.",1974-10-01,,REGISTRO
RIIG02900,Rio Ribeira de Iguape,"Na antiga barragem, em Valo Grande, no Rio Ribeira de Iguape.",2000-11-17,,IGUAPE
RIIG02990,Rio Ribeira de Iguape,Na passarela de pedestres para o bairro do Rossil,2001-01-01,,IGUAPE
RIIG02995,Rio Ribeira de Iguape,NO PIER DA BALSA DA BARRA DO RIBEIRA,2008-01-01,,IGUAPE
RIJU02900,Rio Juqueriquerê,No pier do Condomínio Marina New Port.,2004-01-01,,CARAGUATATUBA
RIPE04250,Ribeirão Preto,"Ponte próxima da Fazenda Brejinho, na Rod. Vicinal Bonfim Paulista/Cravinhos.",2011-01-01,2016-12-31,RIBEIRAO PRETO
RIPE04300,Ribeirão Preto,"Ponte na Rua Dr. Sarabá em Bonfim Paulista, junto à régua do DAEE 4C-018.",2011-01-01,,RIBEIRAO PRETO
RIPE04900,Ribeirão Preto,A JUSANTE DA ETE DE RIBEIRÃO PRETO,2011-01-01,,RIBEIRAO PRETO
RITA02700,Ribeirão Santa Rita,"Ponte na SP-463, na divisa Mun. de Ouroeste e Populina. Junto a régua da DAEE 7A-001R.",2013-01-01,,POPULINA
RMAR02900,Reservatório do Córrego Marinheirinho,NO PIER DA CAPTAÇÃO DO SAEV DE VOTUPORANGA,2011-01-01,,VOTUPORANGA
RONC02030,Ribeirão das Onças (UGRHI 9),"PONTE PRÓXIMA A FAZ. CANNÃA, A MONTANTE DA ETE DE LUIS ANTONIO.",2010-01-01,,LUIS ANTONIO
RONC02400,Ribeirão das Onças (UGRHI 9),"NA PONTE DA SP 255, PRÓXIMO DO KM 24, ANTES DE BONFIM PAULISTA",2010-01-01,,LUIS ANTONIO
RONC02800,Ribeirão das Onças (UGRHI 9),PONTE NA ESTRADA DE TERRA QUE LIGA A USINA SÃO MARTINHO A SERTÃZINHO,2010-01-01,,DUMONT
RPRE02200,Reservatório do Rio Preto,Na captação da ETA de São José do Rio Preto.,1984-02-01,,SÃO JOSÉ DO RIO PRETO
RUNA02950,Rio Una - UGRHI 03,"Atrás do cemitério, próxima a capela Nossa Senhora do Carmo",2004-01-01,,SÃO SEBASTIAO
RYTA00800,Ribeirão Santa Rita,"Ponte na Rua Mary Angels V. de Souza, próximo ao entroncamento com a Estrada Embu-Guaçu.(Ponto G19- Programa Mananciais).",2014-05-03,,EMBU-GUAÇU
SABO22500,Rio Saboó,"Ponte na Av. Pres. Getúlio Vargas, ao lado Centro de Treinamento Meninos da Vila.",2016-01-01,,SANTOS
SAFO00300,Rio São Francisco,Na captação da SABESP de São Sebastião - Bairro São Francisco.,2000-09-28,,SÃO SEBASTIAO
SAGU02050,Rio Sapucaí Guaçu,"Ponte na Av. Emilio Lang Jr. com a Rua Engenheiro Prudente de Moraes, na saída para a estrada do horto florestal.",2014-01-01,,CAMPOS DO JORDAO
SAGU02100,Rio Sapucaí Guaçu,Estrada do Horto. Ponte de madeira a jusante da futura ETE de Campos de Jordão.,2001-09-07,2013-12-31,CAMPOS DO JORDAO
SAGU02250,Rio Sapucaí Guaçu,"Ponte na estrada de acesso ao Borboletário, A jusante da ETE de Campos do Jordão.",2014-01-01,,CAMPOS DO JORDAO
SAHI02950,Rio Saí,"Ponte de madeira sobre o rio Sahy, na área urbana",2004-01-01,,SÃO SEBASTIAO
SALT02700,Ribeirão do Saltinho,"Ponte na Rod. Euclides de Figueiredo, SP- 363 km 69, na divisa Piquerobi/ Pres. Venceslau",2016-01-01,,PRESIDENTE VENCESLAU
SAMI02200,Rio Sapucaí-Mirim,"Ponte na estrada Municipal de São Bento do Sapucaí - Paiol Grande, junto a régua do IGAM.",2014-01-01,,SAO BENTO DO SAPUCAI
SANT00100,Reservatório Santa Branca,"No meio do corpo central, na junção dos braços Capivari e Paraibuna.",2001-09-26,,JAMBEIRO
SAPU02050,Rio Sapucaí -UGHRI 8,"Ponte da Rod. do Guardinha, cerca de 5 km antes da divisa de MG.",2006-01-01,,ALTINÓPOLIS
SAPU02150,Rio Sapucaí -UGHRI 8,PONTE NA ESTRADA DA USINA BATATAIS,2007-01-01,,BATATAIS
SAPU02200,Rio Sapucaí -UGHRI 8,"Ponte na Rod.336 (antiga rod. Franca/Batatais), a jusante do Rib.Sta.Bárbara.",2006-01-01,,BATATAIS
SAPU02250,Rio Sapucaí -UGHRI 8,"Ponte da Rod. SP-334, a montante do Rib. dos Bagres, em Restinga",2006-01-01,,RESTINGA
SAPU02270,Rio Sapucaí -UGHRI 8,"Ponte na estrada da Usina Batatais, 600 metros a jusante do Rib. dos Bagres",2006-01-01,,SÃO JOSÉ DA BELA VISTA
SAPU02300,Rio Sapucaí -UGHRI 8,"Ponte na rodovia que liga Nuporanga a São José da Bela Vista, próxima da PCH dos Dourados.",2000-10-04,,SÃO JOSÉ DA BELA VISTA
SAPU02400,Rio Sapucaí -UGHRI 8,"Ponte na rodovia SP-345, no trecho que liga Barretos a Franca.",1974-10-01,2000-12-31,SÃO JOAQUIM DA BARRA
SAPU02800,Rio Sapucaí -UGHRI 8,"Ponte na rodovia SP 425, que liga Guaíra a Miguelópolis.",2000-10-04,2011-12-31,GUAIRA
SAPU02900,Rio Sapucaí -UGHRI 8,"Ponte na estrada vicinal que liga Guaira ao Rio Grande, alt. do km 13 + 200m, junto a régua do DAEE (5B -007).",2012-01-01,,GUAIRA
SAPZ04500,Rio Sapucaizinho,"Ponte na Rod. SP 345, km 3, na entrada da cidade, a jusante do Lacticínio Jussara. Junto a régua do DAEE 4B-015.",2015-01-01,,PATROCINIO PAULISTA
SATO02900,Rio Santo Antonio,"Entre praia da Cidade e Frecheiras, Avenida Rio de Janeiro, a montante da Av. da Praia",2004-01-01,,CARAGUATATUBA
SAUI02900,Rio Sarapuí,"Ponte na estrada vicinal Iperó/Tatuí, próxima à captação da SABESP de Boituva e Iperó.",2005-01-01,,IPERO
SDOM03700,Ribeirão São Domingos,"Na ponte Tabapuã, na rodovia que liga Uchoa a Tabapuã",2005-07-01,2009-12-31,UCHOA
SDOM03900,Ribeirão São Domingos,"Na ponte do Pingadouro, em Tabapuã.",2005-07-01,,TABAPUA
SDOM04300,Ribeirão São Domingos,A MONTANTE DA CIDADE DE CATANDUVA,2010-01-01,,CATANDUVA
SDOM04500,Ribeirão São Domingos,"Ponte na Rua J. Zancaner, em Catiguá. Junto a régua do DAEE 6C-008L.",1980-01-01,,CATIGUA
SDOM04600,Ribeirão São Domingos,"Na ponte do Japurá, em Uchôa.",2005-07-01,2009-12-31,UCHOA
SERR04500,Córrego da Serraria,"No meio do Cór. Da Serraria,antes do afluente da Vila Carlina",2013-10-01,,MAUA
SERR04800,Córrego da Serraria,Ponte próximo da Recicladora de PET,2013-10-01,,MAUA
SERR04950,Córrego da Serraria,Próximo a foz no Rio Tabuão,2013-10-01,,MAUA
SETA04600,Ribeirão do Sertãozinho,PONTE A JUSANTE DA ETE DE SERTAZINHO,2011-01-01,,SERTAOZINHO
SJBA04225,Cor. São João do Barueri,"Na ponte da entrada da Chácara Mariana, na divisa de São Roque com Itapevi",,,SAO ROQUE
SJBA04500,Cor. São João do Barueri,"Rua Arraia, a montante do Lofrio, esquina com a rua Lagosta, altura da est.Santa Rita",,,ITAPEVI
SJBA04750,Cor. São João do Barueri,"Ponte em frente à Estação de Trem Jandira, na Av. Antonio Baerdella",,,JANDIRA
SJBA04950,Cor. São João do Barueri,Na alça de retorno da Av. Boulevard Arnaldo Bittencout sobre o Córrego São João do Barueri,2012-01-01,,BARUERI
SJDO02150,Rio São José dos Dourados,"Na ponte da estrada de terra das 2 pontes, à jusante da ETE de Monte Aprazível.",2013-01-01,,MONTE APRAZIVEL
SJDO02500,Rio São José dos Dourados,"Ponte na rodovia SP-463, no trecho que liga Araçatuba a Jales.",1974-10-01,,GENERAL SALGADO
SLOU03700,Rio São Lourenço,Ponte na estrada de terra paralela a Rod. Dr. Mauricio Antunes Ferraz. A jusante da ETE de Itápolis.,2014-01-01,,ITAPOLIS
SMIG02500,Rio São Miguel Arcanjo,"Ponte na SP 268, na estrada vicinal para o bairro Santa Cruz, a montante da cidade de S.M Arcanjo",2005-10-01,,SAO MIGUEL ARCANJO
SMIG02800,Rio São Miguel Arcanjo,"Ponte na estrada SP 250 (S.Miguel Arcanjo/Capão Bonito), na fazenda Pinhalzinho",2005-10-01,,SAO MIGUEL ARCANJO
SOBU02800,Rio Sorocabuçu,"Ponte na estrada Bunjiro Nakao, na captação de Ibiúna",2005-01-01,,IBIUNA
SOIT02100,Reservatório Itupararanga,"No meio do corpo central, lado esquerdo da Praia do Escritório, em frente a uma ilha.",1998-11-30,,IBIUNA
SOIT02900,Reservatório Itupararanga,"Próximo a barragem, na estrada que liga Ibiúna a Votorantim.",1998-11-30,,VOTORANTIM
SOMI02850,Rio Sorocamirim,"Ponte na estrada do Cangüera, na captação da SABESP de São Roque",2005-01-01,,SAO ROQUE
SORO02050,Rio Sorocaba,"PONTE BENITO SEVILHA, PRÓXIMO À PREFEITURA DE VOTORANTIM",2011-01-01,,VOTORANTIM
SORO02070,Rio Sorocaba,"Ponte na Rod. SP 270 - Raposo Tavares, na Associação do Banco do Brasil",2005-01-01,2010-12-31,SOROCABA
SORO02100,Rio Sorocaba,"Ponte Pinga-Pinga, na Av. Marginal, na cidade de Sorocaba.",1976-01-01,,SOROCABA
SORO02200,Rio Sorocaba,"Ponte na estrada municipal que liga Sorocaba à rodovia Castelo Branco, em Itavuvu.",1979-01-01,,SOROCABA
SORO02300,Rio Sorocaba,"Ponte na Estrada Mun. Sorocaba/Boituva ao lado da captação do condomínio Faz. Boa Vista, na divisa de Boituva/Iperó.",2019-01-01,,BOITUVA
SORO02500,Rio Sorocaba,"Ponte no Bairro de Americana Velha, em Tatuí. Junto ao Posto do DAEE 4E-004RL.",2005-01-01,,TATUI
SORO02700,Rio Sorocaba,Na ponte à montante da captação do Município de Cerquilho.,2000-01-01,,CERQUILHO
SORO02900,Rio Sorocaba,Ponte na estrada que liga Laranjal Paulista à localidade de Entre Rios.,1974-10-01,,LARANJAL PAULISTA
SPRA04850,Córrego Águas Espraiadas,"Ponte na Av. Roberto Marinho com a Rua Ribeiro do Vale, no Brooklin Paulista.",2012-01-01,,SÃO PAULO
STAN02300,Rio Santo Anastácio,Ponte na Rod. Assis Chateaubriand. Rodovia que liga Presidente Prudente - Pirapozinho. Junto a régua do DAEE: 8D-002.,2014-01-01,,PRESIDENTE PRUDENTE
STAN02700,Rio Santo Anastácio,"Ponte na rodovia que liga Presidente Venceslau a Teodoro Sampaio, SP 563.",1978-01-01,,PIQUEROBI
STAN04400,Rio Santo Anastácio,"Ponte sobre o Rio Sto.Anastácio, na divisa do bairro do Cruzeiro com o bairro Boa Esperança.",2004-01-01,,ALVARES MACHADO
TABA02900,Rio Tabatinga,Praia de Tabatinga. Ponte de madeira no final da Rua 18,2009-01-01,,CARAGUATATUBA
TABU04150,Córrego Tabuão,Ponte no cruzamento da Av. Kenzo Sasaki com a Av. do Manacá.,,,MAUA
TABU04900,Córrego Tabuão,Ponte na Av. Francisco Ortega Escobar.,,,MAUA
TAIA02800,Rio Taiaçupeba-Açu,A jusante do vertedouro do Reservatório de Taiaçupeba e montante da Indústria de papel e celulóse Suzano.,1977-11-01,2013-11-03,SUZANO
TAIA02900,Rio Taiaçupeba-Açu,"Ponte na divisa de Suzano/ Mogi das Cruzes, a jusante da Companhia Suzano de papel e celulose.",2014-02-01,,SUZANO
TAIM00800,Rio Taiaçupeba-Mirim,"Ponte na estrada de terra, no final da Trav. Crispim Adelino Cardoso, ao lado da EEE da SABESP.",2009-01-01,,SUZANO
TAMT04050,Rio Tamanduateí,"Na Rua Armando Benedetti, logo após deixar o Parque da Gruta Santa Luzia.",,,MAUA
TAMT04250,Rio Tamanduateí,"Na ponte da Av. do Estado, na divisa de Santo André com Mauá.",2013-04-02,,MAUA
TAMT04500,Rio Tamanduateí,"Ponte na Avenida do Estado X Rua do Ouro, na divisa ente São Caetano do Sul e Santo André, em frente à Akzo Nobel.",1977-01-01,,SÃO CAETANO DO SUL
TAMT04600,Rio Tamanduateí,"Ponte na Av. Francisco Mesquita, 1000, em frente ao Plaza Shopping, junto a régua DAEE para PQS.",2012-01-01,,SÃO PAULO
TAMT04900,Rio Tamanduateí,"Ponte na Av. Santos Dumont, em frente à Secretaria dos Transportes, em São Paulo",1977-01-01,,SÃO PAULO
TANQ00900,Córrego Tanquinho/Afl. Guarapiranga,Ponte na Av. Carlos Oberhuber (G04-Programa Manancial).,2020-01-01,,SÃO PAULO
TAQR02400,Rio Taquari,"Ponte na Rod. SP-249, que liga Itapeva a Itaberá. próximo à régua do DAEE 5E-002.",1979-01-01,,ITAPEVA
TATU02030,Ribeirão Tatu,A montante do Cór. Água Branca,2008-01-01,,CORDEIROPOLIS
TATU02050,Ribeirão Tatu,No meio da Represa do Rio Tatu/ Barro Preto,2008-01-01,,CORDEIROPOLIS
TATU02060,Ribeirão Tatu,"Na saída da represa do Rib Tatu, Barro Preto",2008-01-01,,CORDEIROPOLIS
TATU02080,Ribeirão Tatu,No meio da represa do Rio Tatu/ Ramenzoni,2008-01-01,,CORDEIROPOLIS
TATU02100,Ribeirão Tatu,Ponte de madeira a jusante do município de Cordeirópolis.,2002-01-01,2002-12-31,CORDEIROPOLIS
TATU04850,Ribeirão Tatu,Ponte 2 Km a montante da foz do Rio Piracicaba.,2002-01-01,,LIMEIRA
TAUI04900,Rio Tatuí,"Na foz do rio Tatuí, no bairro de Americana Velha, em Tatuí",2005-01-01,,TATUI
TAVE02950,Rio Lagoa ou Tavares,Entre praias de Iperoig e Itaguá Rua Rio Grande do Sul; 2ª ponte a montante da praia sobre o rio,2004-01-01,,UBATUBA
TBIR02700,Rio Tibiriçá,"Ponte na rodovia que liga Getulina a Queiroz, junto a régua do DAEE 7C-012.",1979-03-01,2000-12-31,QUEIRÓS
TBIR03300,Rio Tibiriçá,"Ponte na Rodovia BR-153, no trecho que liga Marília a São José do Rio Preto.",2001-01-01,,MARILIA
TDUA02700,Ribeirão do Tamanduá,"Ponte na SP-333, entre Serrana e Ribeirão Preto.",2016-01-01,,SERRANA
TELA02700,Córrego Batistela,"Na captação da SAEP, no bairro Vila Sta. Fé.Conhecido também como Corrego da Barra.(P17)",2005-10-01,2010-06-03,PIRASSUNUNGA
TELA02900,Córrego Batistela,Na foz do Ribeirão da Batistela/Barra (P16),2002-01-01,,PIRASSUNUNGA
TGDE00900,Reservatório de Tanque Grande,"Junto à barragem, no município de Guarulhos.",1977-01-01,,GUARULHOS
TIBB02100,Reservatório de Barra Bonita,"No meio do corpo central, a jusante da confluência - Braços Tietê e Piracicaba.",1999-01-01,,BOTUCATU
TIBB02500,Reservatório de Barra Bonita,"No meio do corpo central, próximo à Ilha do Centro.",1995-02-08,1998-12-31,SÃO MANUEL
TIBB02700,Reservatório de Barra Bonita,"No meio do corpo central, na direção do Córrego Araquazinho.",1995-01-01,,SÃO MANUEL
TIBB02900,Reservatório de Barra Bonita,"No meio do corpo central, a 300m a montante da barragem.",1995-02-08,2000-12-31,BARRA BONITA
TIBT02100,Braço do Rio Tiete,"Ponte na rodovia SP-147, que liga Anhembi a Piracicaba",1993-01-04,2000-12-31,ANHEMBI
TIBT02500,Braço do Rio Tiete,Ponte na rodovia SP-191 que liga Santa Maria da Serra a São Manoel.,1995-01-01,,BOTUCATU
TIES04900,Reservatório Edgard de Souza,"Próximo às comportas da barragem do reservatório, após a rede para retenção de aguapés.",1976-01-01,,SANTANA DO PARNAIBA
TIET02050,Rio Tietê,"Ponte na SP-088 que liga Mogi das Cruzes a Salesópolis, junto à régua do SAISP, à 800 m da captação da SABESP",1977-01-01,,BIRITIBA MIRIM
TIET02090,Rio Tietê,Na captação principal do município de Mogi das Cruzes - SEMAE - junto a estação EF-01,1999-11-01,,MOGI DAS CRUZES
TIET02250,Rio Tietê,"Ponte na Av. Maria de Oliveira Bueno, em Pirapora do Bom Jesus",1998-01-01,2000-12-31,PIRAPORA DO BOM JESUS
TIET02300,Rio Tietê,"Jusante da Barragem da Usina Hidrelétrica São Pedro, em Itu",1993-04-01,2000-12-31,ITU
TIET02350,Rio Tietê,"Ponte na Rua Estado de S. Paulo, junto ao medidor de nível, em Salto.",1978-01-01,,SALTO
TIET02400,Rio Tietê,"Ponte na rodovia SP-113, que liga Tietê a Capivari, em Tietê.",1977-01-01,,TIETE
TIET02450,Rio Tietê,"Ponte na estrada para a fazenda Santo Olegário, em Laranjal Paulista.",1993-01-01,,LARANJAL PAULISTA
TIET02500,Rio Tietê,"Ponte na rodovia SP-255 que liga São Manuel a Jaú, a jusante do res. de Barra Bonita.",1974-10-01,,BARRA BONITA
TIET02550,Rio Tietê,"Margem esquerda, a jusante do canal de fuga da casa de força da Usina Hidroelétrica de Bariri",1974-10-01,2000-12-31,BARIRI
TIET02600,Rio Tietê,"Margem direita, jusante do canal de fuga da casa de força da Usina Hidrelétrica de Ibitinga.",1974-10-01,,IBITINGA
TIET02700,Rio Tietê,"Ponte na rod. BR-153, no trecho que liga Lins a José Bonifácio, a jusante da barragem de Promissão.",1974-10-01,,PROMISSAO
TIET02900,Rio Tietê,"Ponte sobre o Rio Tiete na SP 595, próximo da sua foz com o Rio Paraná.",2014-01-01,,ITAPURA
TIET03120,Rio Tietê,A jusante da ETE de Suzano.,2001-01-01,,SUZANO
TIET03130,Rio Tietê,"Ponte na Estrada de Santa Isabel, na entrada de Itaquaquecetuba.",2012-01-01,,ITAQUAQUECETUBA
TIET04150,Rio Tietê,"Ponte na Rod. Ayrton Senna, a montante do Parque Ecológico, antes da saída 19 - Aeroporto Guarulhos.",1976-01-01,,GUARULHOS
TIET04170,Rio Tietê,Ponte na Av. Aricanduva,2001-01-01,,SÃO PAULO
TIET04180,Rio Tietê,"Ponte das Bandeiras, na Av. Santos Dumont.",1998-01-01,,SÃO PAULO
TIET04200,Rio Tietê,"Ponte dos Remédios, na Av. Marginal (Rodovia Presidente Castelo Branco).",1976-01-01,,SÃO PAULO
TIJU02500,Córrego do Tijuco Preto,A jusante do lançamento da empresa Buckman.,2002-01-01,2002-12-31,SUMARE
TIJU02900,Córrego do Tijuco Preto,Próximo à sua foz.,2002-01-01,,SUMARE
TINO03600,Córrego Constantino,"Ponte sobre o Córrego Constantino , na Rodovia Anhanguera, em Leme.",2005-10-01,2010-06-03,LEME
TIPI04900,Reservatório de Pirapora,Próximo às comportas da barragem do Reservatório de Pirapora,1974-10-01,,PIRAPORA DO BOM JESUS
TIPR02400,Reservatório de Promissão,"Ponte na rodovia SP-333, no trecho que liga Pongaí a Borborema.",1978-01-01,2000-12-31,PONGAI
TIPR02650,Reservatório de Promissão,"No corpo central, na altura do braço do Rib. Esgotão, em Sabino",2007-01-01,,SABINO
TIPR02700,Reservatório de Promissão,"No corpo central, na altura do braço do Rio Dourado",2007-01-01,,ADOLFO
TIPR02990,Reservatório de Promissão,"A montante da barragem de Promissão, próximo do vertedouro",2007-01-01,,PROMISSAO
TIRG02900,Reservatório de Rasgão,Próximo das comportas do Reservatório de Rasgão.,1998-01-01,,PIRAPORA DO BOM JESUS
TITR02100,Reservatório de Três Irmãos,"Ponte na rodovia SP-463, no trecho que liga Araçatuba a Jales, a 1 km da captação de Araçatuba.",1990-11-06,,ARAÇATUBA
TITR02800,Reservatório de Três Irmãos,"Ponte na rodovia SP-563, no trecho que liga Pereira Barreto a Andradina.",1974-10-01,,PEREIRA BARRETO
TJCO03750,Ribeirão Tijuco Preto (Afl. Piracicaba),Ponte dentro do Horto Florestal de Tupi.,2020-01-01,,PIRACICABA
TKIN02950,Córrego Tanquinho,"Ponte na foz do Córrego Tanquinho com o Ribeirão Preto, na Via Expressa Norte altura do nº 2320.",2017-01-01,,RIBEIRAO PRETO
TOCA02900,Córrego das Tocas,"Ponte sobre o córrego da Toca na Rua Coronel Jose Vicente de Faria Lima, no Bairro Costa Bela, Praia de Barra Velha, em Ilhabela.",2003-01-01,,ILHABELA
TOLE03750,Ribeirão dos Toledos,"Ponte próxima da Rua Rafarde,Bairro São Joaquim.",2015-01-01,,SANTA BARBARA D OESTE
TOLE03900,Ribeirão dos Toledos,"Ponte de madeira, na foz com o Rio Piracicaba.",2002-01-01,2015-12-31,SANTA BARBARA D OESTE
TRAI04800,Córrego da Traição,"Na caixa de inspeção do Córrego da Traição, na Av. dos Bandeirantes com Praça Dr. Francisco Patti.",2020-01-01,,SÃO PAULO
TREB02950,Ribeirão Três Barras,Na foz do Rib. Tres Barras com o Rio Pirapitingui.,2003-01-01,,COSMOPOLIS
TUBA02900,Rio Guaratuba,"Ponte na Rio Santos, no fim da praia do Guaratuba",2001-01-01,,BERTIOGA
TUPU00900,Córrego do ITUPU,"Ponte na Estrada do Riviera, próximo da Av. Nova Arcadia, junto a foz na represa Guarapiranga.",2019-01-01,,SÃO PAULO
TURR02800,RIO Turvo- UGHRI 14,"Ponte na Rod. SP-127, na altura do km 192, na divisa de São Miguel Arcanjo e Itapetininga, próximo da Régua do DAEE 5E-009.",2016-01-01,,ITAPETININGA
TURV02300,Rio Turvo - UGHRI 15,"Ponte na vicinal entre Paraíso e Monte Azul Paulista, junto a Régua do DAEE 5B-010.",2013-01-01,,PARAISO
TURV02500,Rio Turvo - UGHRI 15,Ponte na rodovia que liga São José do Rio Preto a Olímpia.,1979-01-01,,GUAPIACU
TURV02800,Rio Turvo - UGHRI 15,"Ponte na estrada Municipal que liga Nova Granada a Samambaia, junto ao Posto DAEE 6B-009.",1974-10-01,,NOVA GRANADA
UAMA00550,Rio Piracuama,Ponte sobre o rio Piracuama ao lado da Estação Centenário da Estrada de Ferro.,2015-11-23,2018-12-31,PINDAMONHANGABA
UAMA00600,Rio Piracuama,No Balneário de Piracuama - Reino das Águas Claras,2019-01-01,,PINDAMONHANGABA
UARE04550,Córrego do Jaguaré,"Ponte na Av. Politecnica com a Rua Jorge Waard, no Rio Pequeno.",2012-01-01,,SÃO PAULO
UNNA02800,Rio Una - UGRHI 02,Na captação da SABESP de Taubaté.,2005-01-01,,TAUBATE
UNVA03900,Ribeirão Una ou Varginha (UGHRI 6),"Na sua foz, na Av. Jorge Bei Maluf.",,,SUZANO
VEAD02950,Ribeirão do Veado,Ponte na Vicinal Pres. Epitácio/ Campinal,2018-01-01,,PRESIDENTE VENCESLAU
VEME04150,Ribeirão Vermelho ou Mutinga,"PORTARIA 1, PRÓXIMO AO ESTACIONAMENTO DE ONIBUS",2008-11-01,,SÃO PAULO
VEME04175,Ribeirão Vermelho ou Mutinga,NO MEIO DO LAGO 2 DO PARQUE DO PICO DO JARAGUÁ,2008-11-01,,SÃO PAULO
VEME04200,Ribeirão Vermelho ou Mutinga,"Na estrada da portaria 2 do Parque do Jaraguá, a montante da Aldeia Indígena Guarani.",2008-11-01,,SÃO PAULO
VEME04250,Ribeirão Vermelho ou Mutinga,"NA ALDEIA INDÍGENA JARAGUÁ, A JUSANTE DO LAGO DO PARQUE DO JARAGUÁ",2010-04-26,,SÃO PAULO
VERD02750,Rio Verde,"Ponte na SP-255, na entrada da cidade de Itaporanga.",2013-01-01,,ITAPORANGA
VIDK04900,Córrego do Vidoca,"Na ponte da Travessa Lineu de Moura, próxima da foz com o Rio Paraíba do Sul.",2018-01-01,,SÃO JOSÉ DOS CAMPOS
VVEM04700,Ribeirão Vai-e-Vem,"A aproximadamente 3,5 km a montante da confluência com o Rio Santo Anastácio.",2015-01-01,,SANTO ANASTACIO
XOTE02500,Córrego do Baixote,"Na estrada municipal que liga Birigüi a Coroados, na captação de Birigüi.",2001-01-01,,BIRIGUI
XPIM00700,Córrego do Crispim,"Ponte na SP 124, ao lado da EEE Jacira. (Ponto G17- Programa Mananciais).",2020-01-01,,ITAPECERICA DA SERRA
YTAI00900,Córrego ITAIM,"Ponte na Av. Sadamu Inoue, altura do num. 900. Cerca de 500m antes da sua foz no Rio Caulim. (Ponto G07- Programa Mananciais).",2020-01-01,,SÃO PAULO
ZVUS04950,Córrego Zavuvus,Ponte em frente a entrada da Estação CPTM Jurubatuba,2012-01-01,,SÃO PAULO
